run_id,git_commit,dirty,scene,ray_set,ray_seed,query_kind,max_depth,parent_depth,is_last_bucket,discordant_pairs,directional_correct,directional_ties,directional_incorrect,directional_win_rate,surface_density_correct,surface_density_ties,surface_density_incorrect,surface_density_win_rate,primitive_count_correct,primitive_count_ties,primitive_count_incorrect,primitive_count_win_rate,box_surface_ratio_correct,box_surface_ratio_ties,box_surface_ratio_incorrect,box_surface_ratio_win_rate,box_projected_ratio_correct,box_projected_ratio_ties,box_projected_ratio_incorrect,box_projected_ratio_win_rate,directional_mean_fill_correct,directional_mean_fill_ties,directional_mean_fill_incorrect,directional_mean_fill_win_rate,directional_min_fill_correct,directional_min_fill_ties,directional_min_fill_incorrect,directional_min_fill_win_rate,fill_mean_clamp_a0_correct,fill_mean_clamp_a0_ties,fill_mean_clamp_a0_incorrect,fill_mean_clamp_a0_win_rate,fill_mean_clamp_a05_correct,fill_mean_clamp_a05_ties,fill_mean_clamp_a05_incorrect,fill_mean_clamp_a05_win_rate,fill_mean_clamp_a2_correct,fill_mean_clamp_a2_ties,fill_mean_clamp_a2_incorrect,fill_mean_clamp_a2_win_rate,fill_mean_exp_correct,fill_mean_exp_ties,fill_mean_exp_incorrect,fill_mean_exp_win_rate,fill_min_clamp_correct,fill_min_clamp_ties,fill_min_clamp_incorrect,fill_min_clamp_win_rate,source
e2e4_2026_09_02,ca4d67f,1,intel-sponza.obj,primary,A,closest_improves_incumbent,31,0,0,516,140,0,376,0.271318,376,0,140,0.728682,376,0,140,0.728682,376,0,140,0.728682,376,0,140,0.728682,0,516,0,,376,0,140,0.728682,0,516,0,,0,516,0,,0,516,0,,376,0,140,0.728682,0,516,0,,S-measured
e2e4_2026_09_02,ca4d67f,1,intel-sponza.obj,primary,A,closest_improves_incumbent,31,1,0,635,525,0,110,0.826772,525,0,110,0.826772,525,0,110,0.826772,525,0,110,0.826772,525,0,110,0.826772,0,635,0,,185,0,450,0.291339,0,635,0,,0,635,0,,0,635,0,,185,0,450,0.291339,0,635,0,,S-measured
e2e4_2026_09_02,ca4d67f,1,intel-sponza.obj,primary,A,closest_improves_incumbent,31,2,0,934,667,0,267,0.714133,667,0,267,0.714133,451,0,483,0.482869,483,0,451,0.517131,483,0,451,0.517131,0,934,0,,667,0,267,0.714133,0,934,0,,0,934,0,,0,934,0,,667,0,267,0.714133,0,934,0,,S-measured
e2e4_2026_09_02,ca4d67f,1,intel-sponza.obj,primary,A,closest_improves_incumbent,31,3,0,770,191,0,579,0.248052,393,0,377,0.510390,211,0,559,0.274026,607,0,163,0.788312,607,0,163,0.788312,147,163,460,0.242175,191,0,579,0.248052,147,163,460,0.242175,147,163,460,0.242175,147,163,460,0.242175,191,0,579,0.248052,147,163,460,0.242175,S-measured
e2e4_2026_09_02,ca4d67f,1,intel-sponza.obj,primary,A,closest_improves_incumbent,31,4,0,888,596,0,292,0.671171,682,0,206,0.768018,595,0,293,0.670045,588,0,300,0.662162,588,0,300,0.662162,348,116,424,0.450777,341,0,547,0.384009,348,116,424,0.450777,348,116,424,0.450777,348,116,424,0.450777,681,0,207,0.766892,322,116,450,0.417098,S-measured
e2e4_2026_09_02,ca4d67f,1,intel-sponza.obj,primary,A,closest_improves_incumbent,31,5,0,802,537,0,265,0.669576,589,0,213,0.734414,252,0,550,0.314214,542,0,260,0.675810,542,0,260,0.675810,445,85,272,0.620642,276,0,526,0.344140,460,85,257,0.641562,445,85,272,0.620642,445,85,272,0.620642,506,0,296,0.630923,228,85,489,0.317992,S-measured
e2e4_2026_09_02,ca4d67f,1,intel-sponza.obj,primary,A,closest_improves_incumbent,31,6,0,759,555,0,204,0.731225,582,0,177,0.766798,401,0,358,0.528327,364,0,395,0.479578,373,0,386,0.491436,598,16,145,0.804845,525,0,234,0.691700,531,16,212,0.714670,539,16,204,0.725437,598,16,145,0.804845,578,0,181,0.761528,519,16,224,0.698520,S-measured
e2e4_2026_09_02,ca4d67f,1,intel-sponza.obj,primary,A,closest_improves_incumbent,31,7,0,539,356,0,183,0.660482,359,0,180,0.666048,238,0,301,0.441558,302,0,237,0.560297,287,0,252,0.532468,335,22,182,0.647969,298,0,241,0.552876,332,22,185,0.642166,336,22,181,0.649903,342,22,175,0.661509,350,0,189,0.649351,296,22,221,0.572534,S-measured
e2e4_2026_09_02,ca4d67f,1,intel-sponza.obj,primary,A,closest_improves_incumbent,31,8,0,533,351,0,182,0.658537,355,0,178,0.666041,235,1,297,0.441729,294,0,239,0.551595,300,0,233,0.562852,374,6,153,0.709677,369,1,163,0.693609,371,6,156,0.703985,375,6,152,0.711575,376,6,151,0.713472,376,0,157,0.705441,368,7,158,0.699620,S-measured
e2e4_2026_09_02,ca4d67f,1,intel-sponza.obj,primary,A,closest_improves_incumbent,31,9,0,1570,444,955,171,0.721951,440,955,175,0.715447,147,1056,367,0.285992,411,1015,144,0.740541,422,1015,133,0.760360,440,966,164,0.728477,240,1044,286,0.456274,449,966,155,0.743377,456,966,148,0.754967,439,966,165,0.726821,430,955,185,0.699187,233,1055,282,0.452427,S-measured
e2e4_2026_09_02,ca4d67f,1,intel-sponza.obj,primary,A,closest_improves_incumbent,31,10,0,2461,707,1249,505,0.583333,626,1249,586,0.516502,178,2061,222,0.445000,317,1850,294,0.518822,360,1765,336,0.517241,659,1337,465,0.586299,432,1633,396,0.521739,640,1252,569,0.529363,643,1252,566,0.531844,698,1252,511,0.577337,643,1249,569,0.530528,431,1636,394,0.522424,S-measured
e2e4_2026_09_02,ca4d67f,1,intel-sponza.obj,primary,A,closest_improves_incumbent,31,11,0,1083,329,487,267,0.552013,335,487,261,0.562081,96,832,155,0.382470,305,536,242,0.557587,309,536,238,0.564899,338,489,256,0.569024,305,510,268,0.532286,321,489,273,0.540404,339,489,255,0.570707,342,489,252,0.575758,333,487,263,0.558725,303,512,268,0.530648,S-measured
e2e4_2026_09_02,ca4d67f,1,intel-sponza.obj,primary,A,closest_improves_incumbent,31,12,0,647,272,242,133,0.671605,275,224,148,0.650118,84,400,163,0.340081,200,306,141,0.586510,214,306,127,0.627566,275,236,136,0.669100,178,327,142,0.556250,247,251,149,0.623737,276,236,135,0.671533,271,247,129,0.677500,277,233,137,0.669082,175,330,142,0.552050,S-measured
e2e4_2026_09_02,ca4d67f,1,intel-sponza.obj,primary,A,closest_improves_incumbent,31,13,0,719,243,281,195,0.554795,256,279,184,0.581818,107,471,141,0.431452,232,298,189,0.551069,230,298,191,0.546318,245,282,192,0.560641,208,334,177,0.540260,205,321,193,0.515075,243,282,194,0.556064,244,292,183,0.571429,249,282,188,0.569794,208,334,177,0.540260,S-measured
e2e4_2026_09_02,ca4d67f,1,intel-sponza.obj,primary,A,closest_improves_incumbent,31,14,0,901,306,288,307,0.499184,308,279,314,0.495177,124,622,155,0.444444,294,354,253,0.537477,268,343,290,0.480287,316,284,301,0.512156,273,367,261,0.511236,296,336,269,0.523894,314,281,306,0.506452,315,291,295,0.516393,318,279,304,0.511254,273,367,261,0.511236,S-measured
e2e4_2026_09_02,ca4d67f,1,intel-sponza.obj,primary,A,closest_improves_incumbent,31,15,0,648,233,191,224,0.509847,246,190,212,0.537118,130,375,143,0.476190,212,199,237,0.472160,209,199,240,0.465479,242,191,215,0.529540,220,211,217,0.503432,240,195,213,0.529801,246,191,211,0.538293,234,191,223,0.512035,243,191,214,0.531729,220,211,217,0.503432,S-measured
e2e4_2026_09_02,ca4d67f,1,intel-sponza.obj,primary,A,closest_improves_incumbent,31,16,0,499,272,40,187,0.592593,261,38,200,0.566161,131,249,119,0.524000,243,68,188,0.563805,248,64,187,0.570115,270,41,188,0.589520,242,54,203,0.543820,243,57,199,0.549774,264,41,194,0.576419,257,41,201,0.561135,267,39,193,0.580435,242,54,203,0.543820,S-measured
e2e4_2026_09_02,ca4d67f,1,intel-sponza.obj,primary,A,closest_improves_incumbent,31,17,0,505,253,45,207,0.550000,250,43,212,0.541126,93,318,94,0.497326,242,49,214,0.530702,251,49,205,0.550439,249,47,209,0.543668,246,56,203,0.547884,255,52,198,0.562914,254,47,204,0.554585,244,47,214,0.532751,250,47,208,0.545852,246,56,203,0.547884,S-measured
e2e4_2026_09_02,ca4d67f,1,intel-sponza.obj,primary,A,closest_improves_incumbent,31,18,0,359,181,12,166,0.521614,193,9,157,0.551429,50,264,45,0.526316,174,12,173,0.501441,177,12,170,0.510086,180,14,165,0.521739,169,17,173,0.494152,186,15,158,0.540698,184,14,161,0.533333,186,14,159,0.539130,183,11,165,0.525862,169,17,173,0.494152,S-measured
e2e4_2026_09_02,ca4d67f,1,intel-sponza.obj,primary,A,closest_improves_incumbent,31,19,0,246,132,3,111,0.543210,146,3,97,0.600823,43,174,29,0.597222,117,6,123,0.487500,110,6,130,0.458333,133,4,109,0.549587,112,7,127,0.468619,129,4,113,0.533058,138,4,104,0.570248,133,4,109,0.549587,131,4,111,0.541322,112,7,127,0.468619,S-measured
e2e4_2026_09_02,ca4d67f,1,intel-sponza.obj,primary,A,closest_improves_incumbent,31,20,0,205,98,3,104,0.485149,115,3,87,0.569307,17,166,22,0.435897,98,6,101,0.492462,97,6,102,0.487437,112,3,90,0.554455,105,5,95,0.525000,100,5,100,0.500000,109,3,93,0.539604,117,3,85,0.579208,101,3,101,0.500000,105,5,95,0.525000,S-measured
e2e4_2026_09_02,ca4d67f,1,intel-sponza.obj,primary,A,closest_improves_incumbent,31,21,0,138,61,1,76,0.445255,65,1,72,0.474453,7,123,8,0.466667,70,5,63,0.526316,67,5,66,0.503759,57,1,80,0.416058,61,2,75,0.448529,66,1,71,0.481752,64,1,73,0.467153,66,1,71,0.481752,56,1,81,0.408759,61,2,75,0.448529,S-measured
e2e4_2026_09_02,ca4d67f,1,intel-sponza.obj,primary,A,closest_improves_incumbent,31,22,0,47,22,0,25,0.468085,23,0,24,0.489362,2,43,2,0.500000,23,0,24,0.489362,24,0,23,0.510638,21,0,26,0.446809,23,0,24,0.489362,21,0,26,0.446809,18,0,29,0.382979,26,0,21,0.553191,22,0,25,0.468085,23,0,24,0.489362,S-measured
e2e4_2026_09_02,ca4d67f,1,intel-sponza.obj,primary,A,closest_improves_incumbent,31,23,0,15,8,0,7,0.533333,11,0,4,0.733333,0,15,0,,7,1,7,0.500000,6,1,8,0.428571,8,0,7,0.533333,8,0,7,0.533333,10,0,5,0.666667,8,0,7,0.533333,9,0,6,0.600000,8,0,7,0.533333,8,0,7,0.533333,S-measured
e2e4_2026_09_02,ca4d67f,1,intel-sponza.obj,primary,A,closest_improves_incumbent,31,24,0,3,1,0,2,0.333333,1,0,2,0.333333,0,3,0,,2,0,1,0.666667,2,0,1,0.666667,1,0,2,0.333333,2,0,1,0.666667,1,0,2,0.333333,1,0,2,0.333333,1,0,2,0.333333,1,0,2,0.333333,2,0,1,0.666667,S-measured
e2e4_2026_09_02,ca4d67f,1,intel-sponza.obj,primary,A,closest_improves_incumbent,31,25,0,1,1,0,0,1.000000,1,0,0,1.000000,0,1,0,,0,0,1,0.000000,1,0,0,1.000000,1,0,0,1.000000,0,0,1,0.000000,0,0,1,0.000000,1,0,0,1.000000,1,0,0,1.000000,1,0,0,1.000000,0,0,1,0.000000,S-measured
e2e4_2026_09_02,ca4d67f,1,intel-sponza.obj,shadow_ao,A,any_occluder_in_range,31,0,0,2091,793,0,1298,0.379244,561,0,1530,0.268293,561,0,1530,0.268293,561,0,1530,0.268293,561,0,1530,0.268293,0,2091,0,,561,0,1530,0.268293,0,2091,0,,0,2091,0,,0,2091,0,,561,0,1530,0.268293,0,2091,0,,S-measured
e2e4_2026_09_02,ca4d67f,1,intel-sponza.obj,shadow_ao,A,any_occluder_in_range,31,1,0,2072,877,0,1195,0.423263,916,0,1156,0.442085,916,0,1156,0.442085,916,0,1156,0.442085,909,0,1163,0.438707,0,2072,0,,1260,0,812,0.608108,0,2072,0,,0,2072,0,,0,2072,0,,1260,0,812,0.608108,0,2072,0,,S-measured
e2e4_2026_09_02,ca4d67f,1,intel-sponza.obj,shadow_ao,A,any_occluder_in_range,31,2,0,1829,878,0,951,0.480044,798,0,1031,0.436304,1030,0,799,0.563149,799,0,1030,0.436851,799,0,1030,0.436851,0,1829,0,,798,0,1031,0.436304,0,1829,0,,0,1829,0,,0,1829,0,,798,0,1031,0.436304,0,1829,0,,S-measured
e2e4_2026_09_02,ca4d67f,1,intel-sponza.obj,shadow_ao,A,any_occluder_in_range,31,3,0,1161,497,0,664,0.428079,733,0,428,0.631352,621,0,540,0.534884,540,0,621,0.465116,540,0,621,0.465116,567,0,594,0.488372,567,0,594,0.488372,567,0,594,0.488372,567,0,594,0.488372,567,0,594,0.488372,567,0,594,0.488372,567,0,594,0.488372,S-measured
e2e4_2026_09_02,ca4d67f,1,intel-sponza.obj,shadow_ao,A,any_occluder_in_range,31,4,0,1384,591,0,793,0.427023,970,0,414,0.700867,1006,0,378,0.726879,388,0,996,0.280347,388,0,996,0.280347,803,303,278,0.742831,1048,0,336,0.757225,803,303,278,0.742831,803,303,278,0.742831,803,303,278,0.742831,945,0,439,0.682803,881,303,200,0.814986,S-measured
e2e4_2026_09_02,ca4d67f,1,intel-sponza.obj,shadow_ao,A,any_occluder_in_range,31,5,0,1347,557,0,790,0.413512,429,0,918,0.318486,904,0,443,0.671121,365,0,982,0.270973,407,0,940,0.302153,573,564,210,0.731801,565,0,782,0.419451,573,564,210,0.731801,573,564,210,0.731801,573,564,210,0.731801,504,0,843,0.374165,397,564,386,0.507024,S-measured
e2e4_2026_09_02,ca4d67f,1,intel-sponza.obj,shadow_ao,A,any_occluder_in_range,31,6,0,1765,1156,0,609,0.654958,1172,0,593,0.664023,912,0,853,0.516714,779,0,986,0.441360,671,0,1094,0.380170,1081,106,578,0.651597,930,0,835,0.526912,884,106,775,0.532851,1081,106,578,0.651597,1081,106,578,0.651597,1172,0,593,0.664023,866,106,793,0.522001,S-measured
e2e4_2026_09_02,ca4d67f,1,intel-sponza.obj,shadow_ao,A,any_occluder_in_range,31,7,0,2143,1255,0,888,0.585628,1208,0,935,0.563696,1166,0,977,0.544097,911,0,1232,0.425105,911,0,1232,0.425105,1168,100,875,0.571708,1245,0,898,0.580961,1175,100,868,0.575135,1175,100,868,0.575135,1149,100,894,0.562408,1210,0,933,0.564629,1192,100,851,0.583456,S-measured
e2e4_2026_09_02,ca4d67f,1,intel-sponza.obj,shadow_ao,A,any_occluder_in_range,31,8,0,1824,1195,0,629,0.655154,957,0,867,0.524671,1215,0,609,0.666118,577,0,1247,0.316338,593,0,1231,0.325110,1247,15,562,0.689331,1250,0,574,0.685307,1247,15,562,0.689331,1247,15,562,0.689331,1250,15,559,0.690989,1256,0,568,0.688596,1241,15,568,0.686014,S-measured
e2e4_2026_09_02,ca4d67f,1,intel-sponza.obj,shadow_ao,A,any_occluder_in_range,31,9,0,2098,1104,12,982,0.529243,1210,12,876,0.580058,1125,79,894,0.557207,996,12,1090,0.477469,920,12,1166,0.441035,1137,259,702,0.618271,981,12,1105,0.470278,950,259,889,0.516585,956,259,883,0.519848,1139,259,700,0.619358,1022,12,1064,0.489933,925,259,914,0.502991,S-measured
e2e4_2026_09_02,ca4d67f,1,intel-sponza.obj,shadow_ao,A,any_occluder_in_range,31,10,0,1605,803,193,609,0.568697,750,193,662,0.531161,606,232,767,0.441369,750,193,662,0.531161,721,193,691,0.510623,716,247,642,0.527246,737,193,675,0.521955,722,247,636,0.531664,747,247,611,0.550074,731,247,627,0.538292,761,193,651,0.538952,700,247,658,0.515464,S-measured
e2e4_2026_09_02,ca4d67f,1,intel-sponza.obj,shadow_ao,A,any_occluder_in_range,31,11,0,1973,1178,59,736,0.615465,1146,59,768,0.598746,829,412,732,0.531070,839,59,1075,0.438349,841,59,1073,0.439394,1169,111,693,0.627820,921,103,949,0.492513,982,112,879,0.527673,1171,111,691,0.628894,1158,111,704,0.621912,1191,59,723,0.622257,894,155,924,0.491749,S-measured
e2e4_2026_09_02,ca4d67f,1,intel-sponza.obj,shadow_ao,A,any_occluder_in_range,31,12,0,1738,914,108,716,0.560736,923,100,715,0.563492,868,185,685,0.558918,806,100,832,0.492063,770,100,868,0.470085,900,134,704,0.561097,852,132,754,0.530511,889,163,686,0.564444,910,134,694,0.567332,888,139,711,0.555347,909,100,729,0.554945,839,166,733,0.533715,S-measured
e2e4_2026_09_02,ca4d67f,1,intel-sponza.obj,shadow_ao,A,any_occluder_in_range,31,13,0,1893,1055,131,707,0.598751,1041,125,727,0.588801,820,351,722,0.531777,1008,128,757,0.571105,994,128,771,0.563173,1019,134,740,0.579306,897,206,790,0.531713,938,213,742,0.558333,1034,134,725,0.587834,1009,134,750,0.573621,1050,125,718,0.593891,894,215,784,0.532777,S-measured
e2e4_2026_09_02,ca4d67f,1,intel-sponza.obj,shadow_ao,A,any_occluder_in_range,31,14,0,2943,1280,627,1036,0.552677,1311,594,1038,0.558110,828,1281,834,0.498195,1262,667,1014,0.554482,1208,667,1068,0.530756,1330,600,1013,0.567648,1123,763,1057,0.515138,1154,719,1070,0.518885,1317,600,1026,0.562100,1311,602,1030,0.560017,1302,595,1046,0.554514,1120,768,1055,0.514943,S-measured
e2e4_2026_09_02,ca4d67f,1,intel-sponza.obj,shadow_ao,A,any_occluder_in_range,31,15,0,2708,1582,34,1092,0.591623,1581,28,1099,0.589925,840,975,893,0.484709,1500,40,1168,0.562219,1459,40,1209,0.546852,1600,40,1068,0.599700,1203,289,1216,0.497313,1278,188,1242,0.507143,1625,40,1043,0.609070,1589,46,1073,0.596920,1600,38,1070,0.599251,1201,291,1216,0.496897,S-measured
e2e4_2026_09_02,ca4d67f,1,intel-sponza.obj,shadow_ao,A,any_occluder_in_range,31,16,0,2548,1386,82,1080,0.562044,1428,74,1046,0.577203,873,915,760,0.534599,1382,89,1077,0.562017,1386,82,1080,0.562044,1418,80,1050,0.574554,1241,173,1134,0.522526,1351,85,1112,0.548518,1385,83,1080,0.561866,1410,83,1055,0.572008,1406,81,1061,0.569923,1241,173,1134,0.522526,S-measured
e2e4_2026_09_02,ca4d67f,1,intel-sponza.obj,shadow_ao,A,any_occluder_in_range,31,17,0,2520,1355,59,1106,0.550589,1378,47,1095,0.557218,675,1273,572,0.541299,1330,66,1124,0.541972,1323,66,1131,0.539120,1380,77,1063,0.564879,1345,85,1090,0.552361,1331,78,1111,0.545045,1373,71,1076,0.560637,1370,75,1075,0.560327,1364,62,1094,0.554923,1345,85,1090,0.552361,S-measured
e2e4_2026_09_02,ca4d67f,1,intel-sponza.obj,shadow_ao,A,any_occluder_in_range,31,18,0,2449,1277,145,1027,0.554253,1263,123,1063,0.542992,477,1544,428,0.527072,1218,147,1084,0.529105,1223,147,1079,0.531277,1240,154,1055,0.540305,1209,168,1072,0.530031,1139,178,1132,0.501541,1212,154,1083,0.528105,1240,154,1055,0.540305,1247,142,1060,0.540529,1209,168,1072,0.530031,S-measured
e2e4_2026_09_02,ca4d67f,1,intel-sponza.obj,shadow_ao,A,any_occluder_in_range,31,19,0,1911,980,69,862,0.532030,965,60,886,0.521340,365,1250,296,0.552194,960,81,870,0.524590,928,81,902,0.507104,973,74,864,0.529668,968,78,865,0.528096,943,75,893,0.513617,968,73,870,0.526659,967,73,871,0.526115,988,72,851,0.537249,968,78,865,0.528096,S-measured
e2e4_2026_09_02,ca4d67f,1,intel-sponza.obj,shadow_ao,A,any_occluder_in_range,31,20,0,1578,857,17,704,0.549007,819,15,744,0.523992,234,1175,169,0.580645,815,26,737,0.525129,818,26,734,0.527062,829,20,729,0.532092,834,27,717,0.537718,810,22,746,0.520566,828,19,731,0.531110,843,19,716,0.540731,832,19,727,0.533675,834,27,717,0.537718,S-measured
e2e4_2026_09_02,ca4d67f,1,intel-sponza.obj,shadow_ao,A,any_occluder_in_range,31,21,0,1136,612,6,518,0.541593,615,6,515,0.544248,72,998,66,0.521739,603,14,519,0.537433,597,14,525,0.532086,600,6,530,0.530973,595,7,534,0.527015,595,6,535,0.526549,599,6,531,0.530088,611,6,519,0.540708,609,6,521,0.538938,595,7,534,0.527015,S-measured
e2e4_2026_09_02,ca4d67f,1,intel-sponza.obj,shadow_ao,A,any_occluder_in_range,31,22,0,477,258,3,216,0.544304,245,3,229,0.516878,31,425,21,0.596154,245,10,222,0.524625,248,10,219,0.531049,250,3,224,0.527426,245,4,228,0.517970,242,4,231,0.511628,252,3,222,0.531646,242,4,231,0.511628,254,4,219,0.536998,245,4,228,0.517970,S-measured
e2e4_2026_09_02,ca4d67f,1,intel-sponza.obj,shadow_ao,A,any_occluder_in_range,31,23,0,127,69,0,58,0.543307,68,0,59,0.535433,14,110,3,0.823529,60,1,66,0.476190,59,1,67,0.468254,73,0,54,0.574803,60,0,67,0.472441,73,0,54,0.574803,74,0,53,0.582677,70,0,57,0.551181,71,0,56,0.559055,60,0,67,0.472441,S-measured
e2e4_2026_09_02,ca4d67f,1,intel-sponza.obj,shadow_ao,A,any_occluder_in_range,31,24,0,37,20,0,17,0.540541,19,0,18,0.513514,2,34,1,0.666667,17,1,19,0.472222,21,1,15,0.583333,21,0,16,0.567568,21,0,16,0.567568,25,0,12,0.675676,22,0,15,0.594595,19,0,18,0.513514,21,0,16,0.567568,21,0,16,0.567568,S-measured
e2e4_2026_09_02,ca4d67f,1,intel-sponza.obj,shadow_ao,A,any_occluder_in_range,31,25,0,1,1,0,0,1.000000,0,0,1,0.000000,0,1,0,,1,0,0,1.000000,1,0,0,1.000000,1,0,0,1.000000,1,0,0,1.000000,1,0,0,1.000000,1,0,0,1.000000,1,0,0,1.000000,1,0,0,1.000000,1,0,0,1.000000,S-measured
e2e4_2026_09_02,ca4d67f,1,intel-sponza.obj,shadow_ao,A,any_occluder_in_range,31,26,0,1,0,0,1,0.000000,0,0,1,0.000000,0,1,0,,0,0,1,0.000000,0,0,1,0.000000,0,0,1,0.000000,0,0,1,0.000000,0,0,1,0.000000,0,0,1,0.000000,0,0,1,0.000000,0,0,1,0.000000,0,0,1,0.000000,S-measured
e2e4_2026_09_02,ca4d67f,1,intel-sponza.obj,shadow_ao,B,any_occluder_in_range,31,0,0,2201,841,0,1360,0.382099,600,0,1601,0.272603,600,0,1601,0.272603,600,0,1601,0.272603,600,0,1601,0.272603,0,2201,0,,600,0,1601,0.272603,0,2201,0,,0,2201,0,,0,2201,0,,600,0,1601,0.272603,0,2201,0,,S-measured
e2e4_2026_09_02,ca4d67f,1,intel-sponza.obj,shadow_ao,B,any_occluder_in_range,31,1,0,2154,931,0,1223,0.432219,942,0,1212,0.437326,942,0,1212,0.437326,942,0,1212,0.437326,919,0,1235,0.426648,0,2154,0,,1324,0,830,0.614670,0,2154,0,,0,2154,0,,0,2154,0,,1324,0,830,0.614670,0,2154,0,,S-measured
e2e4_2026_09_02,ca4d67f,1,intel-sponza.obj,shadow_ao,B,any_occluder_in_range,31,2,0,1888,870,0,1018,0.460805,771,0,1117,0.408369,1118,0,770,0.592161,770,0,1118,0.407839,770,0,1118,0.407839,0,1888,0,,771,0,1117,0.408369,0,1888,0,,0,1888,0,,0,1888,0,,771,0,1117,0.408369,0,1888,0,,S-measured
e2e4_2026_09_02,ca4d67f,1,intel-sponza.obj,shadow_ao,B,any_occluder_in_range,31,3,0,1143,472,0,671,0.412948,730,0,413,0.638670,613,0,530,0.536308,530,0,613,0.463692,530,0,613,0.463692,535,0,608,0.468066,535,0,608,0.468066,535,0,608,0.468066,535,0,608,0.468066,535,0,608,0.468066,535,0,608,0.468066,535,0,608,0.468066,S-measured
e2e4_2026_09_02,ca4d67f,1,intel-sponza.obj,shadow_ao,B,any_occluder_in_range,31,4,0,1431,571,0,860,0.399022,953,0,478,0.665968,1038,0,393,0.725367,405,0,1026,0.283019,405,0,1026,0.283019,781,323,327,0.704874,1076,0,355,0.751922,781,323,327,0.704874,781,323,327,0.704874,781,323,327,0.704874,942,0,489,0.658281,904,323,204,0.815884,S-measured
e2e4_2026_09_02,ca4d67f,1,intel-sponza.obj,shadow_ao,B,any_occluder_in_range,31,5,0,1351,578,0,773,0.427831,421,0,930,0.311621,944,0,407,0.698742,349,0,1002,0.258327,383,0,968,0.283494,588,567,196,0.750000,614,0,737,0.454478,588,567,196,0.750000,588,567,196,0.750000,588,567,196,0.750000,481,0,870,0.356033,425,567,359,0.542092,S-measured
e2e4_2026_09_02,ca4d67f,1,intel-sponza.obj,shadow_ao,B,any_occluder_in_range,31,6,0,1785,1160,0,625,0.649860,1180,0,605,0.661064,934,0,851,0.523249,767,0,1018,0.429692,662,0,1123,0.370868,1082,110,593,0.645970,961,0,824,0.538375,904,110,771,0.539701,1082,110,593,0.645970,1082,110,593,0.645970,1180,0,605,0.661064,895,110,780,0.534328,S-measured
e2e4_2026_09_02,ca4d67f,1,intel-sponza.obj,shadow_ao,B,any_occluder_in_range,31,7,0,2246,1311,0,935,0.583704,1243,0,1003,0.553428,1218,0,1028,0.542297,928,0,1318,0.413179,926,0,1320,0.412289,1215,101,930,0.566434,1284,0,962,0.571683,1217,101,928,0.567366,1217,101,928,0.567366,1198,101,947,0.558508,1259,0,987,0.560552,1224,101,921,0.570629,S-measured
e2e4_2026_09_02,ca4d67f,1,intel-sponza.obj,shadow_ao,B,any_occluder_in_range,31,8,0,1846,1242,0,604,0.672806,999,0,847,0.541170,1280,0,566,0.693391,577,0,1269,0.312568,594,0,1252,0.321777,1295,10,541,0.705338,1305,0,541,0.706934,1295,10,541,0.705338,1295,10,541,0.705338,1300,10,536,0.708061,1307,0,539,0.708017,1302,10,534,0.709150,S-measured
e2e4_2026_09_02,ca4d67f,1,intel-sponza.obj,shadow_ao,B,any_occluder_in_range,31,9,0,2136,1180,8,948,0.554511,1299,8,829,0.610432,1183,79,874,0.575109,1003,8,1125,0.471335,917,8,1211,0.430921,1237,214,685,0.643600,1032,8,1096,0.484962,1039,214,883,0.540583,1048,214,874,0.545265,1242,214,680,0.646202,1108,8,1020,0.520677,982,214,940,0.510926,S-measured
e2e4_2026_09_02,ca4d67f,1,intel-sponza.obj,shadow_ao,B,any_occluder_in_range,31,10,0,1727,863,185,679,0.559663,811,185,731,0.525940,679,238,810,0.456011,786,185,756,0.509728,772,185,770,0.500649,768,252,707,0.520678,807,185,735,0.523346,759,252,716,0.514576,795,252,680,0.538983,763,252,712,0.517288,827,185,715,0.536316,768,252,707,0.520678,S-measured
e2e4_2026_09_02,ca4d67f,1,intel-sponza.obj,shadow_ao,B,any_occluder_in_range,31,11,0,2045,1221,57,767,0.614185,1214,57,774,0.610664,878,391,776,0.530834,912,57,1076,0.458753,915,57,1073,0.460262,1248,115,682,0.646632,1037,98,910,0.532614,1077,115,853,0.558031,1257,115,673,0.651295,1238,115,692,0.641451,1279,57,709,0.643360,1004,156,885,0.531498,S-measured
e2e4_2026_09_02,ca4d67f,1,intel-sponza.obj,shadow_ao,B,any_occluder_in_range,31,12,0,1806,945,107,754,0.556210,960,101,745,0.563050,912,190,704,0.564356,858,101,847,0.503226,843,101,862,0.494428,951,144,711,0.572202,874,119,813,0.518079,927,159,720,0.562842,948,143,715,0.570054,919,147,740,0.553948,949,101,756,0.556598,858,161,787,0.521581,S-measured
e2e4_2026_09_02,ca4d67f,1,intel-sponza.obj,shadow_ao,B,any_occluder_in_range,31,13,0,1984,1126,118,740,0.603430,1110,113,761,0.593266,882,316,786,0.528777,1037,118,829,0.555734,1008,118,858,0.540193,1090,129,765,0.587601,971,183,830,0.539145,1001,197,786,0.560157,1097,129,758,0.591375,1073,129,782,0.578437,1129,113,742,0.603421,964,199,821,0.540056,S-measured
e2e4_2026_09_02,ca4d67f,1,intel-sponza.obj,shadow_ao,B,any_occluder_in_range,31,14,0,3059,1370,634,1055,0.564948,1362,603,1094,0.554560,864,1302,893,0.491747,1323,688,1048,0.557992,1267,688,1104,0.534374,1343,617,1099,0.549959,1182,780,1097,0.518649,1189,713,1157,0.506820,1331,611,1117,0.543709,1326,612,1121,0.541888,1334,606,1119,0.543824,1179,785,1095,0.518470,S-measured
e2e4_2026_09_02,ca4d67f,1,intel-sponza.obj,shadow_ao,B,any_occluder_in_range,31,15,0,2761,1630,24,1107,0.595543,1652,17,1092,0.602041,836,966,959,0.465738,1542,26,1193,0.563803,1528,26,1207,0.558684,1656,31,1074,0.606593,1214,252,1295,0.483858,1292,162,1307,0.497114,1653,31,1077,0.605495,1634,38,1089,0.600073,1652,26,1083,0.604022,1211,257,1293,0.483626,S-measured
e2e4_2026_09_02,ca4d67f,1,intel-sponza.obj,shadow_ao,B,any_occluder_in_range,31,16,0,2723,1496,81,1146,0.566238,1498,74,1151,0.565496,907,975,841,0.518879,1474,97,1152,0.561310,1472,93,1158,0.559696,1498,85,1140,0.567854,1357,174,1192,0.532366,1444,92,1187,0.548841,1482,87,1154,0.562215,1495,88,1140,0.567362,1497,86,1140,0.567691,1357,174,1192,0.532366,S-measured
e2e4_2026_09_02,ca4d67f,1,intel-sponza.obj,shadow_ao,B,any_occluder_in_range,31,17,0,2714,1508,72,1134,0.570780,1509,61,1144,0.568790,772,1344,598,0.563504,1429,84,1201,0.543346,1407,84,1223,0.534981,1496,80,1138,0.567957,1428,109,1177,0.548177,1421,97,1196,0.542988,1474,76,1164,0.558757,1514,80,1120,0.574791,1488,66,1160,0.561934,1428,109,1177,0.548177,S-measured
e2e4_2026_09_02,ca4d67f,1,intel-sponza.obj,shadow_ao,B,any_occluder_in_range,31,18,0,2463,1236,137,1090,0.531384,1273,115,1075,0.542164,504,1528,431,0.539037,1289,138,1036,0.554409,1283,138,1042,0.551828,1252,143,1068,0.539655,1220,157,1086,0.529055,1223,158,1082,0.530586,1251,142,1070,0.538992,1245,142,1076,0.536407,1250,130,1083,0.535791,1220,157,1086,0.529055,S-measured
e2e4_2026_09_02,ca4d67f,1,intel-sponza.obj,shadow_ao,B,any_occluder_in_range,31,19,0,1967,1019,80,868,0.540011,1020,68,879,0.537125,377,1299,291,0.564371,985,90,892,0.524774,970,90,907,0.516782,985,90,892,0.524774,991,89,887,0.527689,961,88,918,0.511442,974,87,906,0.518085,971,87,909,0.516489,983,85,899,0.522317,991,89,887,0.527689,S-measured
e2e4_2026_09_02,ca4d67f,1,intel-sponza.obj,shadow_ao,B,any_occluder_in_range,31,20,0,1619,862,13,744,0.536737,817,11,791,0.508085,229,1202,188,0.549161,825,22,772,0.516594,840,22,757,0.525986,844,16,759,0.526513,811,23,785,0.508145,824,21,774,0.515645,836,14,769,0.520872,838,14,767,0.522118,857,14,748,0.533956,811,23,785,0.508145,S-measured
e2e4_2026_09_02,ca4d67f,1,intel-sponza.obj,shadow_ao,B,any_occluder_in_range,31,21,0,1243,682,11,550,0.553571,652,10,581,0.528792,104,1073,66,0.611765,637,19,587,0.520425,629,19,595,0.513889,650,11,582,0.527597,636,12,595,0.516653,653,11,579,0.530032,655,11,577,0.531656,651,11,581,0.528409,657,11,575,0.533279,636,12,595,0.516653,S-measured
e2e4_2026_09_02,ca4d67f,1,intel-sponza.obj,shadow_ao,B,any_occluder_in_range,31,22,0,491,282,3,206,0.577869,277,3,211,0.567623,40,431,20,0.666667,258,8,225,0.534161,255,8,228,0.527950,280,3,208,0.573770,256,3,232,0.524590,269,3,219,0.551230,277,3,211,0.567623,286,3,202,0.586066,281,3,207,0.575820,256,3,232,0.524590,S-measured
e2e4_2026_09_02,ca4d67f,1,intel-sponza.obj,shadow_ao,B,any_occluder_in_range,31,23,0,172,93,1,78,0.543860,91,1,80,0.532164,13,156,3,0.812500,92,4,76,0.547619,90,4,78,0.535714,93,1,78,0.543860,95,1,76,0.555556,92,1,79,0.538012,92,1,79,0.538012,94,1,77,0.549708,93,1,78,0.543860,95,1,76,0.555556,S-measured
e2e4_2026_09_02,ca4d67f,1,intel-sponza.obj,shadow_ao,B,any_occluder_in_range,31,24,0,42,19,0,23,0.452381,19,0,23,0.452381,1,39,2,0.333333,25,0,17,0.595238,26,0,16,0.619048,25,0,17,0.595238,17,0,25,0.404762,21,0,21,0.500000,22,0,20,0.523810,22,0,20,0.523810,24,0,18,0.571429,17,0,25,0.404762,S-measured
e2e4_2026_09_02,ca4d67f,1,intel-sponza.obj,shadow_ao,B,any_occluder_in_range,31,25,0,8,2,0,6,0.250000,2,0,6,0.250000,0,8,0,,2,1,5,0.285714,2,1,5,0.285714,2,0,6,0.250000,4,0,4,0.500000,2,0,6,0.250000,2,0,6,0.250000,3,0,5,0.375000,2,0,6,0.250000,4,0,4,0.500000,S-measured
e2e4_2026_09_02,ca4d67f,1,intel-sponza.obj,diffuse_1,A,closest_improves_incumbent,31,0,0,44,24,0,20,0.545455,24,0,20,0.545455,24,0,20,0.545455,24,0,20,0.545455,24,0,20,0.545455,0,44,0,,24,0,20,0.545455,0,44,0,,0,44,0,,0,44,0,,24,0,20,0.545455,0,44,0,,S-measured
e2e4_2026_09_02,ca4d67f,1,intel-sponza.obj,diffuse_1,A,closest_improves_incumbent,31,1,0,57,26,0,31,0.456140,18,0,39,0.315789,18,0,39,0.315789,18,0,39,0.315789,22,0,35,0.385965,0,57,0,,28,0,29,0.491228,0,57,0,,0,57,0,,0,57,0,,28,0,29,0.491228,0,57,0,,S-measured
e2e4_2026_09_02,ca4d67f,1,intel-sponza.obj,diffuse_1,A,closest_improves_incumbent,31,2,0,60,41,0,19,0.683333,40,0,20,0.666667,39,0,21,0.650000,21,0,39,0.350000,21,0,39,0.350000,0,60,0,,40,0,20,0.666667,0,60,0,,0,60,0,,0,60,0,,40,0,20,0.666667,0,60,0,,S-measured
e2e4_2026_09_02,ca4d67f,1,intel-sponza.obj,diffuse_1,A,closest_improves_incumbent,31,3,0,35,13,0,22,0.371429,15,0,20,0.428571,17,0,18,0.485714,19,0,16,0.542857,19,0,16,0.542857,16,2,17,0.484848,16,0,19,0.457143,16,2,17,0.484848,16,2,17,0.484848,16,2,17,0.484848,16,0,19,0.457143,16,2,17,0.484848,S-measured
e2e4_2026_09_02,ca4d67f,1,intel-sponza.obj,diffuse_1,A,closest_improves_incumbent,31,4,0,27,14,0,13,0.518519,14,0,13,0.518519,19,0,8,0.703704,9,0,18,0.333333,9,0,18,0.333333,10,6,11,0.476190,17,0,10,0.629630,10,6,11,0.476190,10,6,11,0.476190,10,6,11,0.476190,14,0,13,0.518519,15,6,6,0.714286,S-measured
e2e4_2026_09_02,ca4d67f,1,intel-sponza.obj,diffuse_1,A,closest_improves_incumbent,31,5,0,31,17,0,14,0.548387,12,0,19,0.387097,23,0,8,0.741935,10,0,21,0.322581,8,0,23,0.258065,15,11,5,0.750000,14,0,17,0.451613,14,11,6,0.700000,15,11,5,0.750000,15,11,5,0.750000,15,0,16,0.483871,13,11,7,0.650000,S-measured
e2e4_2026_09_02,ca4d67f,1,intel-sponza.obj,diffuse_1,A,closest_improves_incumbent,31,6,0,44,32,0,12,0.727273,34,0,10,0.772727,18,0,26,0.409091,29,0,15,0.659091,24,0,20,0.545455,30,4,10,0.750000,20,0,24,0.454545,23,4,17,0.575000,29,4,11,0.725000,30,4,10,0.750000,34,0,10,0.772727,20,4,20,0.500000,S-measured
e2e4_2026_09_02,ca4d67f,1,intel-sponza.obj,diffuse_1,A,closest_improves_incumbent,31,7,0,61,43,0,18,0.704918,37,0,24,0.606557,38,0,23,0.622951,22,0,39,0.360656,22,0,39,0.360656,37,6,18,0.672727,40,0,21,0.655738,36,6,19,0.654545,37,6,18,0.672727,36,6,19,0.654545,40,0,21,0.655738,36,6,19,0.654545,S-measured
e2e4_2026_09_02,ca4d67f,1,intel-sponza.obj,diffuse_1,A,closest_improves_incumbent,31,8,0,40,20,0,20,0.500000,20,0,20,0.500000,25,0,15,0.625000,16,0,24,0.400000,19,0,21,0.475000,21,1,18,0.538462,24,0,16,0.600000,23,1,16,0.589744,22,1,17,0.564103,21,1,18,0.538462,20,0,20,0.500000,23,1,16,0.589744,S-measured
e2e4_2026_09_02,ca4d67f,1,intel-sponza.obj,diffuse_1,A,closest_improves_incumbent,31,9,0,39,26,0,13,0.666667,23,0,16,0.589744,18,3,18,0.500000,21,0,18,0.538462,20,0,19,0.512821,24,1,14,0.631579,22,0,17,0.564103,22,1,16,0.578947,22,1,16,0.578947,24,1,14,0.631579,24,0,15,0.615385,22,1,16,0.578947,S-measured
e2e4_2026_09_02,ca4d67f,1,intel-sponza.obj,diffuse_1,A,closest_improves_incumbent,31,10,0,53,25,9,19,0.568182,26,9,18,0.590909,26,11,16,0.619048,20,9,24,0.454545,23,9,21,0.522727,24,10,19,0.558140,22,9,22,0.500000,26,10,17,0.604651,24,10,19,0.558140,24,10,19,0.558140,27,9,17,0.613636,21,10,22,0.488372,S-measured
e2e4_2026_09_02,ca4d67f,1,intel-sponza.obj,diffuse_1,A,closest_improves_incumbent,31,11,0,45,24,3,18,0.571429,25,3,17,0.595238,15,14,16,0.483871,18,3,24,0.428571,15,3,27,0.357143,27,3,15,0.642857,25,4,16,0.609756,30,3,12,0.714286,28,3,14,0.666667,22,3,20,0.523810,27,3,15,0.642857,25,4,16,0.609756,S-measured
e2e4_2026_09_02,ca4d67f,1,intel-sponza.obj,diffuse_1,A,closest_improves_incumbent,31,12,0,40,27,1,12,0.692308,24,1,15,0.615385,17,7,16,0.515152,22,1,17,0.564103,23,1,16,0.589744,23,1,16,0.589744,21,4,15,0.583333,21,4,15,0.583333,23,1,16,0.589744,26,1,13,0.666667,26,1,13,0.666667,21,4,15,0.583333,S-measured
e2e4_2026_09_02,ca4d67f,1,intel-sponza.obj,diffuse_1,A,closest_improves_incumbent,31,13,0,63,28,7,28,0.500000,30,7,26,0.535714,16,21,26,0.380952,33,7,23,0.589286,32,7,24,0.571429,28,7,28,0.500000,22,11,30,0.423077,24,11,28,0.461538,28,7,28,0.500000,28,7,28,0.500000,30,7,26,0.535714,22,11,30,0.423077,S-measured
e2e4_2026_09_02,ca4d67f,1,intel-sponza.obj,diffuse_1,A,closest_improves_incumbent,31,14,0,77,34,17,26,0.566667,35,17,25,0.583333,16,37,24,0.400000,29,19,29,0.500000,30,18,29,0.508475,34,19,24,0.586207,35,23,19,0.648148,33,21,23,0.589286,35,18,24,0.593220,36,18,23,0.610169,36,18,23,0.610169,35,23,19,0.648148,S-measured
e2e4_2026_09_02,ca4d67f,1,intel-sponza.obj,diffuse_1,A,closest_improves_incumbent,31,15,0,61,24,3,34,0.413793,30,3,28,0.517241,21,20,20,0.512195,22,3,36,0.379310,23,3,35,0.396552,29,3,29,0.500000,27,6,28,0.490909,30,5,26,0.535714,29,3,29,0.500000,30,3,28,0.517241,28,3,30,0.482759,27,6,28,0.490909,S-measured
e2e4_2026_09_02,ca4d67f,1,intel-sponza.obj,diffuse_1,A,closest_improves_incumbent,31,16,0,71,41,2,28,0.594203,38,2,31,0.550725,21,25,25,0.456522,41,3,27,0.602941,46,3,22,0.676471,38,2,31,0.550725,34,3,34,0.500000,37,2,32,0.536232,39,2,30,0.565217,38,2,31,0.550725,41,2,28,0.594203,34,3,34,0.500000,S-measured
e2e4_2026_09_02,ca4d67f,1,intel-sponza.obj,diffuse_1,A,closest_improves_incumbent,31,17,0,71,32,3,36,0.470588,31,2,38,0.449275,16,38,17,0.484848,34,2,35,0.492754,40,2,29,0.579710,29,4,38,0.432836,34,4,33,0.507463,32,4,35,0.477612,29,4,38,0.432836,35,4,32,0.522388,30,3,38,0.441176,34,4,33,0.507463,S-measured
e2e4_2026_09_02,ca4d67f,1,intel-sponza.obj,diffuse_1,A,closest_improves_incumbent,31,18,0,69,37,2,30,0.552239,31,1,37,0.455882,14,47,8,0.636364,29,3,37,0.439394,31,3,35,0.469697,31,2,36,0.462687,42,3,24,0.636364,32,2,35,0.477612,31,2,36,0.462687,41,2,26,0.611940,33,1,35,0.485294,42,3,24,0.636364,S-measured
e2e4_2026_09_02,ca4d67f,1,intel-sponza.obj,diffuse_1,A,closest_improves_incumbent,31,19,0,46,28,3,15,0.651163,21,2,23,0.477273,8,34,4,0.666667,20,2,24,0.454545,21,2,23,0.477273,23,3,20,0.534884,22,3,21,0.511628,24,3,19,0.558140,22,3,21,0.511628,24,3,19,0.558140,22,3,21,0.511628,22,3,21,0.511628,S-measured
e2e4_2026_09_02,ca4d67f,1,intel-sponza.obj,diffuse_1,A,closest_improves_incumbent,31,20,0,34,17,0,17,0.500000,13,0,21,0.382353,5,22,7,0.416667,14,0,20,0.411765,15,0,19,0.441176,15,0,19,0.441176,15,0,19,0.441176,19,0,15,0.558824,16,0,18,0.470588,13,0,21,0.382353,15,0,19,0.441176,15,0,19,0.441176,S-measured
e2e4_2026_09_02,ca4d67f,1,intel-sponza.obj,diffuse_1,A,closest_improves_incumbent,31,21,0,23,11,0,12,0.478261,14,0,9,0.608696,2,18,3,0.400000,14,0,9,0.608696,15,0,8,0.652174,12,0,11,0.521739,8,0,15,0.347826,10,0,13,0.434783,13,0,10,0.565217,12,0,11,0.521739,12,0,11,0.521739,8,0,15,0.347826,S-measured
e2e4_2026_09_02,ca4d67f,1,intel-sponza.obj,diffuse_1,A,closest_improves_incumbent,31,22,0,14,7,0,7,0.500000,7,0,7,0.500000,2,12,0,1.000000,6,0,8,0.428571,6,0,8,0.428571,8,0,6,0.571429,6,0,8,0.428571,8,0,6,0.571429,8,0,6,0.571429,6,0,8,0.428571,7,0,7,0.500000,6,0,8,0.428571,S-measured
e2e4_2026_09_02,ca4d67f,1,intel-sponza.obj,diffuse_1,A,closest_improves_incumbent,31,23,0,3,1,0,2,0.333333,1,0,2,0.333333,1,2,0,1.000000,1,1,1,0.500000,1,1,1,0.500000,1,0,2,0.333333,1,0,2,0.333333,1,0,2,0.333333,1,0,2,0.333333,1,0,2,0.333333,1,0,2,0.333333,1,0,2,0.333333,S-measured
e2e4_2026_09_02,ca4d67f,1,intel-sponza.obj,diffuse_1,A,closest_improves_incumbent,31,24,0,1,1,0,0,1.000000,0,0,1,0.000000,0,1,0,,1,0,0,1.000000,1,0,0,1.000000,1,0,0,1.000000,1,0,0,1.000000,1,0,0,1.000000,1,0,0,1.000000,0,0,1,0.000000,1,0,0,1.000000,1,0,0,1.000000,S-measured
e2e4_2026_09_02,ca4d67f,1,intel-sponza.obj,diffuse_1,B,closest_improves_incumbent,31,0,0,46,14,0,32,0.304348,24,0,22,0.521739,24,0,22,0.521739,24,0,22,0.521739,24,0,22,0.521739,0,46,0,,24,0,22,0.521739,0,46,0,,0,46,0,,0,46,0,,24,0,22,0.521739,0,46,0,,S-measured
e2e4_2026_09_02,ca4d67f,1,intel-sponza.obj,diffuse_1,B,closest_improves_incumbent,31,1,0,56,20,0,36,0.357143,14,0,42,0.250000,14,0,42,0.250000,14,0,42,0.250000,16,0,40,0.285714,0,56,0,,20,0,36,0.357143,0,56,0,,0,56,0,,0,56,0,,20,0,36,0.357143,0,56,0,,S-measured
e2e4_2026_09_02,ca4d67f,1,intel-sponza.obj,diffuse_1,B,closest_improves_incumbent,31,2,0,57,33,0,24,0.578947,33,0,24,0.578947,40,0,17,0.701754,17,0,40,0.298246,17,0,40,0.298246,0,57,0,,33,0,24,0.578947,0,57,0,,0,57,0,,0,57,0,,33,0,24,0.578947,0,57,0,,S-measured
e2e4_2026_09_02,ca4d67f,1,intel-sponza.obj,diffuse_1,B,closest_improves_incumbent,31,3,0,30,13,0,17,0.433333,18,0,12,0.600000,16,0,14,0.533333,12,0,18,0.400000,12,0,18,0.400000,13,2,15,0.464286,15,0,15,0.500000,13,2,15,0.464286,13,2,15,0.464286,13,2,15,0.464286,15,0,15,0.500000,13,2,15,0.464286,S-measured
e2e4_2026_09_02,ca4d67f,1,intel-sponza.obj,diffuse_1,B,closest_improves_incumbent,31,4,0,25,18,0,7,0.720000,20,0,5,0.800000,17,0,8,0.680000,6,0,19,0.240000,6,0,19,0.240000,16,5,4,0.800000,21,0,4,0.840000,16,5,4,0.800000,16,5,4,0.800000,16,5,4,0.800000,18,0,7,0.720000,18,5,2,0.900000,S-measured
e2e4_2026_09_02,ca4d67f,1,intel-sponza.obj,diffuse_1,B,closest_improves_incumbent,31,5,0,20,8,0,12,0.400000,7,0,13,0.350000,17,0,3,0.850000,3,0,17,0.150000,3,0,17,0.150000,11,9,0,1.000000,11,0,9,0.550000,11,9,0,1.000000,11,9,0,1.000000,11,9,0,1.000000,10,0,10,0.500000,9,9,2,0.818182,S-measured
e2e4_2026_09_02,ca4d67f,1,intel-sponza.obj,diffuse_1,B,closest_improves_incumbent,31,6,0,38,22,0,16,0.578947,23,0,15,0.605263,16,0,22,0.421053,17,0,21,0.447368,12,0,26,0.315789,21,3,14,0.600000,20,0,18,0.526316,16,3,19,0.457143,21,3,14,0.600000,21,3,14,0.600000,23,0,15,0.605263,17,3,18,0.485714,S-measured
e2e4_2026_09_02,ca4d67f,1,intel-sponza.obj,diffuse_1,B,closest_improves_incumbent,31,7,0,43,29,0,14,0.674419,25,0,18,0.581395,27,0,16,0.627907,13,0,30,0.302326,13,0,30,0.302326,23,1,19,0.547619,27,0,16,0.627907,25,1,17,0.595238,23,1,19,0.547619,24,1,18,0.571429,25,0,18,0.581395,26,1,16,0.619048,S-measured
e2e4_2026_09_02,ca4d67f,1,intel-sponza.obj,diffuse_1,B,closest_improves_incumbent,31,8,0,29,21,0,8,0.724138,17,0,12,0.586207,21,0,8,0.724138,7,0,22,0.241379,7,0,22,0.241379,17,0,12,0.586207,20,0,9,0.689655,18,0,11,0.620690,17,0,12,0.586207,17,0,12,0.586207,18,0,11,0.620690,20,0,9,0.689655,S-measured
e2e4_2026_09_02,ca4d67f,1,intel-sponza.obj,diffuse_1,B,closest_improves_incumbent,31,9,0,45,23,0,22,0.511111,29,0,16,0.644444,26,1,18,0.590909,19,0,26,0.422222,14,0,31,0.311111,28,4,13,0.682927,21,0,24,0.466667,23,4,18,0.560976,23,4,18,0.560976,28,4,13,0.682927,24,0,21,0.533333,20,4,21,0.487805,S-measured
e2e4_2026_09_02,ca4d67f,1,intel-sponza.obj,diffuse_1,B,closest_improves_incumbent,31,10,0,34,17,4,13,0.566667,16,4,14,0.533333,14,5,15,0.482759,9,4,21,0.300000,11,4,19,0.366667,12,6,16,0.428571,11,4,19,0.366667,16,6,12,0.571429,12,6,16,0.428571,13,6,15,0.464286,15,4,15,0.500000,10,6,18,0.357143,S-measured
e2e4_2026_09_02,ca4d67f,1,intel-sponza.obj,diffuse_1,B,closest_improves_incumbent,31,11,0,42,24,2,16,0.600000,25,2,15,0.625000,14,12,16,0.466667,17,2,23,0.425000,17,2,23,0.425000,25,4,13,0.657895,22,3,17,0.564103,26,4,12,0.684211,26,4,12,0.684211,22,4,16,0.578947,27,2,13,0.675000,21,5,16,0.567568,S-measured
e2e4_2026_09_02,ca4d67f,1,intel-sponza.obj,diffuse_1,B,closest_improves_incumbent,31,12,0,43,29,2,12,0.707317,29,2,12,0.707317,22,6,15,0.594595,24,2,17,0.585366,24,2,17,0.585366,26,2,15,0.634146,24,2,17,0.585366,25,2,16,0.609756,25,2,16,0.609756,28,2,13,0.682927,27,2,14,0.658537,24,2,17,0.585366,S-measured
e2e4_2026_09_02,ca4d67f,1,intel-sponza.obj,diffuse_1,B,closest_improves_incumbent,31,13,0,61,33,7,21,0.611111,32,7,22,0.592593,17,20,24,0.414634,29,7,25,0.537037,26,7,28,0.481481,26,7,28,0.481481,27,8,26,0.509434,25,8,28,0.471698,25,7,29,0.462963,26,7,28,0.481481,31,7,23,0.574074,27,8,26,0.509434,S-measured
e2e4_2026_09_02,ca4d67f,1,intel-sponza.obj,diffuse_1,B,closest_improves_incumbent,31,14,0,75,20,22,33,0.377358,26,22,27,0.490566,15,41,19,0.441176,24,26,25,0.489796,24,25,26,0.480000,27,23,25,0.519231,20,28,27,0.425532,22,26,27,0.448980,24,22,29,0.452830,25,24,26,0.490196,26,22,27,0.490566,20,28,27,0.425532,S-measured
e2e4_2026_09_02,ca4d67f,1,intel-sponza.obj,diffuse_1,B,closest_improves_incumbent,31,15,0,66,37,5,24,0.606557,35,5,26,0.573770,30,24,12,0.714286,30,6,30,0.500000,30,6,30,0.500000,36,5,25,0.590164,31,10,25,0.553571,33,7,26,0.559322,36,5,25,0.590164,35,5,26,0.573770,37,5,24,0.606557,31,10,25,0.553571,S-measured
e2e4_2026_09_02,ca4d67f,1,intel-sponza.obj,diffuse_1,B,closest_improves_incumbent,31,16,0,71,37,3,31,0.544118,37,3,31,0.544118,22,26,23,0.488889,32,3,36,0.470588,31,3,37,0.455882,34,3,34,0.500000,32,7,32,0.500000,36,3,32,0.529412,37,3,31,0.544118,34,3,34,0.500000,33,3,35,0.485294,32,7,32,0.500000,S-measured
e2e4_2026_09_02,ca4d67f,1,intel-sponza.obj,diffuse_1,B,closest_improves_incumbent,31,17,0,73,42,6,25,0.626866,40,6,27,0.597015,16,42,15,0.516129,40,7,26,0.606061,41,7,25,0.621212,38,6,29,0.567164,40,7,26,0.606061,33,6,34,0.492537,37,6,30,0.552239,42,6,25,0.626866,39,6,28,0.582090,40,7,26,0.606061,S-measured
e2e4_2026_09_02,ca4d67f,1,intel-sponza.obj,diffuse_1,B,closest_improves_incumbent,31,18,0,69,38,5,26,0.593750,36,5,28,0.562500,15,43,11,0.576923,34,7,28,0.548387,34,7,28,0.548387,34,5,30,0.531250,35,6,28,0.555556,28,6,35,0.444444,31,5,33,0.484375,37,5,27,0.578125,35,5,29,0.546875,35,6,28,0.555556,S-measured
e2e4_2026_09_02,ca4d67f,1,intel-sponza.obj,diffuse_1,B,closest_improves_incumbent,31,19,0,65,34,0,31,0.523077,32,0,33,0.492308,14,42,9,0.608696,30,1,34,0.468750,33,1,31,0.515625,32,1,32,0.500000,36,2,27,0.571429,31,1,33,0.484375,31,1,33,0.484375,34,1,30,0.531250,33,1,31,0.515625,36,2,27,0.571429,S-measured
e2e4_2026_09_02,ca4d67f,1,intel-sponza.obj,diffuse_1,B,closest_improves_incumbent,31,20,0,40,23,0,17,0.575000,20,0,20,0.500000,5,32,3,0.625000,20,0,20,0.500000,23,0,17,0.575000,20,0,20,0.500000,24,0,16,0.600000,20,0,20,0.500000,19,0,21,0.475000,25,0,15,0.625000,22,0,18,0.550000,24,0,16,0.600000,S-measured
e2e4_2026_09_02,ca4d67f,1,intel-sponza.obj,diffuse_1,B,closest_improves_incumbent,31,21,0,24,8,0,16,0.333333,10,0,14,0.416667,1,21,2,0.333333,12,0,12,0.500000,9,0,15,0.375000,10,0,14,0.416667,7,0,17,0.291667,8,0,16,0.333333,9,0,15,0.375000,9,0,15,0.375000,9,0,15,0.375000,7,0,17,0.291667,S-measured
e2e4_2026_09_02,ca4d67f,1,intel-sponza.obj,diffuse_1,B,closest_improves_incumbent,31,22,0,13,10,0,3,0.769231,8,0,5,0.615385,4,9,0,1.000000,11,0,2,0.846154,9,0,4,0.692308,9,0,4,0.692308,9,0,4,0.692308,11,0,2,0.846154,10,0,3,0.769231,10,0,3,0.769231,10,0,3,0.769231,9,0,4,0.692308,S-measured
e2e4_2026_09_02,ca4d67f,1,intel-sponza.obj,diffuse_1,B,closest_improves_incumbent,31,23,0,8,5,0,3,0.625000,5,0,3,0.625000,0,7,1,0.000000,6,0,2,0.750000,7,0,1,0.875000,4,0,4,0.500000,3,0,5,0.375000,6,0,2,0.750000,4,0,4,0.500000,3,0,5,0.375000,4,0,4,0.500000,3,0,5,0.375000,S-measured
e2e4_2026_09_02,ca4d67f,1,intel-sponza.obj,incoherent,A,closest_improves_incumbent,31,0,0,48535,22805,0,25730,0.469867,29896,0,18639,0.615968,29896,0,18639,0.615968,29896,0,18639,0.615968,29896,0,18639,0.615968,0,48535,0,,29896,0,18639,0.615968,0,48535,0,,0,48535,0,,0,48535,0,,29896,0,18639,0.615968,0,48535,0,,S-measured
e2e4_2026_09_02,ca4d67f,1,intel-sponza.obj,incoherent,A,closest_improves_incumbent,31,1,0,56682,30492,0,26190,0.537949,27167,0,29515,0.479288,27167,0,29515,0.479288,27167,0,29515,0.479288,27866,0,28816,0.491620,0,56682,0,,27630,0,29052,0.487456,0,56682,0,,0,56682,0,,0,56682,0,,27630,0,29052,0.487456,0,56682,0,,S-measured
e2e4_2026_09_02,ca4d67f,1,intel-sponza.obj,incoherent,A,closest_improves_incumbent,31,2,0,56559,30780,0,25779,0.544210,31498,0,25061,0.556905,30518,0,26041,0.539578,26041,0,30518,0.460422,26041,0,30518,0.460422,0,56559,0,,31498,0,25061,0.556905,0,56559,0,,0,56559,0,,0,56559,0,,31498,0,25061,0.556905,0,56559,0,,S-measured
e2e4_2026_09_02,ca4d67f,1,intel-sponza.obj,incoherent,A,closest_improves_incumbent,31,3,0,70175,35547,0,34628,0.506548,41562,0,28613,0.592262,35526,0,34649,0.506249,35306,0,34869,0.503114,35039,0,35136,0.499309,28537,12904,28734,0.498280,33839,0,36336,0.482209,28537,12904,28734,0.498280,28537,12904,28734,0.498280,28537,12904,28734,0.498280,33839,0,36336,0.482209,28537,12904,28734,0.498280,S-measured
e2e4_2026_09_02,ca4d67f,1,intel-sponza.obj,incoherent,A,closest_improves_incumbent,31,4,0,61587,39134,0,22453,0.635426,40333,0,21254,0.654895,35936,0,25651,0.583500,25374,0,36213,0.412003,25444,0,36143,0.413139,31550,13927,16110,0.661981,38598,0,22989,0.626723,31550,13927,16110,0.661981,31550,13927,16110,0.661981,31550,13927,16110,0.661981,40159,0,21428,0.652069,30865,13927,16795,0.647608,S-measured
e2e4_2026_09_02,ca4d67f,1,intel-sponza.obj,incoherent,A,closest_improves_incumbent,31,5,0,46774,28713,0,18061,0.613867,29482,0,17292,0.630307,23175,0,23599,0.495468,23616,0,23158,0.504896,23432,0,23342,0.500962,26666,5251,14857,0.642198,26602,0,20172,0.568735,25697,5251,15826,0.618862,26000,5251,15523,0.626159,26666,5251,14857,0.642198,29148,0,17626,0.623167,23999,5251,17524,0.577969,S-measured
e2e4_2026_09_02,ca4d67f,1,intel-sponza.obj,incoherent,A,closest_improves_incumbent,31,6,0,62162,45921,0,16241,0.738731,46030,0,16132,0.740485,34920,0,27242,0.561758,26062,0,36100,0.419259,26589,0,35573,0.427737,42728,4734,14700,0.744027,38579,0,23583,0.620620,41232,4734,16196,0.717977,42500,4734,14928,0.740057,42698,4734,14730,0.743505,46266,0,15896,0.744281,35908,4734,21520,0.625270,S-measured
e2e4_2026_09_02,ca4d67f,1,intel-sponza.obj,incoherent,A,closest_improves_incumbent,31,7,0,45747,27325,0,18422,0.597307,26843,0,18904,0.586771,23996,120,21631,0.525917,21881,0,23866,0.478305,22007,0,23740,0.481059,24815,2536,18396,0.574275,26676,0,19071,0.583120,23960,2536,19251,0.554488,24183,2536,19028,0.559649,25046,2536,18165,0.579621,26921,0,18826,0.588476,25395,2536,17816,0.587698,S-measured
e2e4_2026_09_02,ca4d67f,1,intel-sponza.obj,incoherent,A,closest_improves_incumbent,31,8,0,44361,31112,0,13249,0.701337,27671,0,16690,0.623769,26177,424,17760,0.595785,17506,0,26855,0.394626,18456,0,25905,0.416041,30214,445,13702,0.687995,29533,424,14404,0.672167,28695,445,15221,0.653407,30475,445,13441,0.693938,30424,445,13492,0.692777,31125,0,13236,0.701630,29300,869,14192,0.673687,S-measured
e2e4_2026_09_02,ca4d67f,1,intel-sponza.obj,incoherent,A,closest_improves_incumbent,31,9,0,43130,23649,8441,11040,0.681743,22768,8441,11921,0.656346,14585,13160,15385,0.486653,16550,9550,17030,0.492853,17057,9550,16523,0.507951,22829,8889,11412,0.666715,18609,9679,14842,0.556306,20981,8890,13259,0.612763,22071,8889,12170,0.644578,22855,8889,11386,0.667475,22807,8441,11882,0.657471,18458,10127,14545,0.559282,S-measured
e2e4_2026_09_02,ca4d67f,1,intel-sponza.obj,incoherent,A,closest_improves_incumbent,31,10,0,68112,28849,18892,20371,0.586124,28896,18892,20324,0.587078,13957,41876,12279,0.531979,16399,33416,18297,0.472648,17828,31617,18667,0.488505,27612,20561,19939,0.580682,22565,28781,16766,0.573720,26684,19380,22048,0.547566,28211,19316,20585,0.578142,28556,19316,20240,0.585212,28684,18892,20536,0.582771,22340,29205,16567,0.574190,S-measured
e2e4_2026_09_02,ca4d67f,1,intel-sponza.obj,incoherent,A,closest_improves_incumbent,31,11,0,60136,27407,14562,18167,0.601374,27505,14550,18081,0.603365,10927,36464,12745,0.461600,19525,19880,20731,0.485021,19877,19880,20379,0.493765,27581,15062,17493,0.611905,23114,16737,20285,0.532593,24910,14850,20376,0.550060,27591,14708,17837,0.607357,26307,14827,19002,0.580613,27718,14563,17855,0.608211,23037,16882,20217,0.532598,S-measured
e2e4_2026_09_02,ca4d67f,1,intel-sponza.obj,incoherent,A,closest_improves_incumbent,31,12,0,42527,20288,9488,12751,0.614062,20557,7962,14008,0.594735,8207,23228,11092,0.425255,16667,10298,15562,0.517143,16891,10298,15338,0.524093,18909,12074,11544,0.620924,16576,12408,13543,0.550350,17825,11092,13610,0.567043,19957,10215,12355,0.617634,19524,10611,12392,0.611731,19971,10126,12430,0.616370,16533,12497,13497,0.550549,S-measured
e2e4_2026_09_02,ca4d67f,1,intel-sponza.obj,incoherent,A,closest_improves_incumbent,31,13,0,51222,20453,15396,15373,0.570898,20670,14782,15770,0.567234,7492,35406,8324,0.473698,17120,18372,15730,0.521157,17345,17964,15913,0.521529,20428,15755,15039,0.575972,16486,19228,15508,0.515284,17933,17762,15527,0.535953,20498,15287,15437,0.570419,19933,16471,14818,0.573595,20628,15225,15369,0.573048,16453,19290,15479,0.515251,S-measured
e2e4_2026_09_02,ca4d67f,1,intel-sponza.obj,incoherent,A,closest_improves_incumbent,31,14,0,52471,19606,17261,15604,0.556830,20237,15667,16567,0.549859,6819,39071,6581,0.508881,15718,21448,15305,0.506656,16192,20583,15696,0.507777,19468,17383,15620,0.554834,16100,22053,14318,0.529292,17587,19284,15600,0.529936,20042,16144,16285,0.551711,19418,17356,15697,0.552983,20160,16213,16098,0.556015,16084,22077,14310,0.529183,S-measured
e2e4_2026_09_02,ca4d67f,1,intel-sponza.obj,incoherent,A,closest_improves_incumbent,31,15,0,40651,17492,9415,13744,0.559995,17923,8505,14223,0.557550,5597,29343,5711,0.494959,14097,12492,14062,0.500621,14379,12087,14185,0.503396,17359,9850,13442,0.563586,12772,16170,11709,0.521711,14736,13211,12704,0.537026,17395,9731,13525,0.562581,16579,11344,12728,0.565701,17408,9592,13651,0.560482,12767,16178,11706,0.521677,S-measured
e2e4_2026_09_02,ca4d67f,1,intel-sponza.obj,incoherent,A,closest_improves_incumbent,31,16,0,30277,13589,5937,10751,0.558299,13830,5322,11125,0.554198,5191,20147,4939,0.512438,11156,8309,10812,0.507830,11233,8158,10886,0.507844,13336,6395,10546,0.558412,11485,8362,10430,0.524070,12486,7009,10782,0.536617,13481,5945,10851,0.554044,13229,6421,10627,0.554536,13532,5912,10833,0.555387,11485,8366,10426,0.524166,S-measured
e2e4_2026_09_02,ca4d67f,1,intel-sponza.obj,incoherent,A,closest_improves_incumbent,31,17,0,24315,11322,4028,8965,0.558091,11612,3548,9155,0.559156,4326,16002,3987,0.520390,9684,5305,9326,0.509416,9746,5259,9310,0.511440,11082,4273,8960,0.552939,9717,5662,8936,0.520935,10522,4710,9083,0.536700,11103,4186,9026,0.551592,11013,4365,8937,0.552030,11152,4176,8987,0.553751,9716,5663,8936,0.520909,S-measured
e2e4_2026_09_02,ca4d67f,1,intel-sponza.obj,incoherent,A,closest_improves_incumbent,31,18,0,21523,10666,2256,8601,0.553589,10855,1818,8850,0.550875,3347,14992,3184,0.512479,9188,3839,8496,0.519566,9243,3804,8476,0.521643,10438,2533,8552,0.549658,9193,3793,8537,0.518500,10021,2868,8634,0.537175,10460,2452,8611,0.548477,10425,2461,8637,0.546900,10605,2232,8686,0.549738,9193,3793,8537,0.518500,S-measured
e2e4_2026_09_02,ca4d67f,1,intel-sponza.obj,incoherent,A,closest_improves_incumbent,31,19,0,18881,9623,1447,7811,0.551967,9655,1229,7997,0.546964,2662,13962,2257,0.541167,8165,3084,7632,0.516870,8256,2995,7630,0.519703,9485,1565,7831,0.547759,8195,3119,7567,0.519921,9269,1837,7775,0.543828,9527,1515,7839,0.548601,9511,1515,7855,0.547679,9575,1496,7810,0.550762,8195,3119,7567,0.519921,S-measured
e2e4_2026_09_02,ca4d67f,1,intel-sponza.obj,incoherent,A,closest_improves_incumbent,31,20,0,15272,7741,1045,6486,0.544106,7781,990,6501,0.544812,1744,11981,1547,0.529930,6385,2713,6174,0.508400,6459,2685,6128,0.513148,7669,1098,6505,0.541061,6650,2289,6333,0.512208,7446,1325,6501,0.533878,7678,1052,6542,0.539944,7680,1052,6540,0.540084,7680,1069,6523,0.540731,6650,2289,6333,0.512208,S-measured
e2e4_2026_09_02,ca4d67f,1,intel-sponza.obj,incoherent,A,closest_improves_incumbent,31,21,0,10519,5381,468,4670,0.535370,5478,455,4586,0.544316,969,8690,860,0.529798,4717,1242,4560,0.508462,4749,1242,4528,0.511911,5355,473,4691,0.533048,4768,1139,4612,0.508316,5181,632,4706,0.524021,5325,467,4727,0.529745,5346,467,4706,0.531834,5346,463,4710,0.531623,4768,1139,4612,0.508316,S-measured
e2e4_2026_09_02,ca4d67f,1,intel-sponza.obj,incoherent,A,closest_improves_incumbent,31,22,0,6244,3174,234,2836,0.528120,3198,223,2823,0.531141,573,5182,489,0.539548,2903,525,2816,0.507606,2903,525,2816,0.507606,3135,241,2868,0.522239,2912,448,2884,0.502415,3049,301,2894,0.513041,3093,239,2912,0.515071,3134,240,2870,0.521985,3149,239,2856,0.524396,2912,448,2884,0.502415,S-measured
e2e4_2026_09_02,ca4d67f,1,intel-sponza.obj,incoherent,A,closest_improves_incumbent,31,23,0,3524,1866,71,1587,0.540400,1844,66,1614,0.533256,320,2896,308,0.509554,1684,186,1654,0.504494,1695,185,1644,0.507637,1816,77,1631,0.526835,1770,157,1597,0.525691,1796,95,1633,0.523768,1786,77,1661,0.518132,1825,77,1622,0.529446,1816,75,1633,0.526529,1770,157,1597,0.525691,S-measured
e2e4_2026_09_02,ca4d67f,1,intel-sponza.obj,incoherent,A,closest_improves_incumbent,31,24,0,1920,989,28,903,0.522727,984,27,909,0.519810,144,1647,129,0.527473,930,75,915,0.504065,935,75,910,0.506775,986,28,906,0.521142,945,59,916,0.507792,961,38,921,0.510627,991,28,901,0.523784,983,28,909,0.519556,980,28,912,0.517970,945,59,916,0.507792,S-measured
e2e4_2026_09_02,ca4d67f,1,intel-sponza.obj,incoherent,A,closest_improves_incumbent,31,25,0,866,428,9,429,0.499417,437,9,420,0.509918,32,798,36,0.470588,406,31,429,0.486228,403,31,432,0.482635,423,9,434,0.493582,413,17,436,0.486455,443,17,406,0.521790,437,9,420,0.509918,415,9,442,0.484247,427,9,430,0.498250,413,17,436,0.486455,S-measured
e2e4_2026_09_02,ca4d67f,1,intel-sponza.obj,incoherent,A,closest_improves_incumbent,31,26,0,224,124,1,99,0.556054,122,1,101,0.547085,6,212,6,0.500000,109,4,111,0.495455,111,4,109,0.504545,115,1,108,0.515695,110,3,111,0.497738,93,2,129,0.418919,105,1,118,0.470852,113,1,110,0.506726,116,1,107,0.520179,110,3,111,0.497738,S-measured
e2e4_2026_09_02,ca4d67f,1,intel-sponza.obj,incoherent,A,closest_improves_incumbent,31,27,0,18,6,0,12,0.333333,8,0,10,0.444444,1,17,0,1.000000,11,0,7,0.611111,11,0,7,0.611111,8,0,10,0.444444,7,0,11,0.388889,8,0,10,0.444444,7,0,11,0.388889,8,0,10,0.444444,8,0,10,0.444444,7,0,11,0.388889,S-measured
e2e4_2026_09_02,ca4d67f,1,intel-sponza.obj,incoherent,A,closest_improves_incumbent,31,28,0,3,2,0,1,0.666667,3,0,0,1.000000,0,3,0,,2,0,1,0.666667,2,0,1,0.666667,3,0,0,1.000000,1,0,2,0.333333,2,0,1,0.666667,3,0,0,1.000000,2,0,1,0.666667,3,0,0,1.000000,1,0,2,0.333333,S-measured
e2e4_2026_09_02,ca4d67f,1,intel-sponza.obj,incoherent,B,closest_improves_incumbent,31,0,0,48380,22748,0,25632,0.470194,29987,0,18393,0.619822,29987,0,18393,0.619822,29987,0,18393,0.619822,29987,0,18393,0.619822,0,48380,0,,29987,0,18393,0.619822,0,48380,0,,0,48380,0,,0,48380,0,,29987,0,18393,0.619822,0,48380,0,,S-measured
e2e4_2026_09_02,ca4d67f,1,intel-sponza.obj,incoherent,B,closest_improves_incumbent,31,1,0,56481,30232,0,26249,0.535260,26919,0,29562,0.476603,26919,0,29562,0.476603,26919,0,29562,0.476603,27556,0,28925,0.487881,0,56481,0,,27723,0,28758,0.490838,0,56481,0,,0,56481,0,,0,56481,0,,27723,0,28758,0.490838,0,56481,0,,S-measured
e2e4_2026_09_02,ca4d67f,1,intel-sponza.obj,incoherent,B,closest_improves_incumbent,31,2,0,56939,30891,0,26048,0.542528,31603,0,25336,0.555033,30578,0,26361,0.537031,26361,0,30578,0.462969,26361,0,30578,0.462969,0,56939,0,,31603,0,25336,0.555033,0,56939,0,,0,56939,0,,0,56939,0,,31603,0,25336,0.555033,0,56939,0,,S-measured
e2e4_2026_09_02,ca4d67f,1,intel-sponza.obj,incoherent,B,closest_improves_incumbent,31,3,0,70419,35694,0,34725,0.506880,41634,0,28785,0.591232,35891,0,34528,0.509678,35490,0,34929,0.503983,35120,0,35299,0.498729,28733,13093,28593,0.501221,34057,0,36362,0.483634,28733,13093,28593,0.501221,28733,13093,28593,0.501221,28733,13093,28593,0.501221,34057,0,36362,0.483634,28733,13093,28593,0.501221,S-measured
e2e4_2026_09_02,ca4d67f,1,intel-sponza.obj,incoherent,B,closest_improves_incumbent,31,4,0,61308,38838,0,22470,0.633490,40009,0,21299,0.652590,35537,0,25771,0.579647,25430,0,35878,0.414791,25506,0,35802,0.416031,31301,13828,16179,0.659246,38139,0,23169,0.622088,31301,13828,16179,0.659246,31301,13828,16179,0.659246,31301,13828,16179,0.659246,39829,0,21479,0.649654,30611,13828,16869,0.644714,S-measured
e2e4_2026_09_02,ca4d67f,1,intel-sponza.obj,incoherent,B,closest_improves_incumbent,31,5,0,46657,28618,0,18039,0.613370,29199,0,17458,0.625822,22800,0,23857,0.488673,23764,0,22893,0.509334,23586,0,23071,0.505519,26289,5260,15108,0.635046,26280,0,20377,0.563260,25411,5260,15986,0.613837,25604,5260,15793,0.618499,26289,5260,15108,0.635046,28861,0,17796,0.618578,23591,5260,17806,0.569872,S-measured
e2e4_2026_09_02,ca4d67f,1,intel-sponza.obj,incoherent,B,closest_improves_incumbent,31,6,0,62304,45853,0,16451,0.735956,45997,0,16307,0.738267,35042,0,27262,0.562436,26315,0,35989,0.422365,26856,0,35448,0.431048,42617,4888,14799,0.742250,38478,0,23826,0.617585,41166,4888,16250,0.716978,42476,4888,14940,0.739794,42563,4888,14853,0.741309,46234,0,16070,0.742071,35811,4888,21605,0.623711,S-measured
e2e4_2026_09_02,ca4d67f,1,intel-sponza.obj,incoherent,B,closest_improves_incumbent,31,7,0,45680,27493,0,18187,0.601861,26782,0,18898,0.586296,23829,113,21738,0.522944,21836,0,23844,0.478021,21868,0,23812,0.478722,24815,2537,18328,0.575180,26809,0,18871,0.586887,23926,2537,19217,0.554574,24222,2537,18921,0.561435,24939,2537,18204,0.578054,26911,0,18769,0.589120,25485,2537,17658,0.590710,S-measured
e2e4_2026_09_02,ca4d67f,1,intel-sponza.obj,incoherent,B,closest_improves_incumbent,31,8,0,44875,31508,0,13367,0.702128,28083,0,16792,0.625805,26584,435,17856,0.598200,17693,0,27182,0.394273,18694,0,26181,0.416579,30553,448,13874,0.687712,29895,435,14545,0.672705,29066,448,15361,0.654242,30831,448,13596,0.693970,30770,448,13657,0.692597,31437,0,13438,0.700546,29668,883,14324,0.674395,S-measured
e2e4_2026_09_02,ca4d67f,1,intel-sponza.obj,incoherent,B,closest_improves_incumbent,31,9,0,43521,23574,8615,11332,0.675357,22810,8615,12096,0.653469,14880,13359,15282,0.493336,16630,9780,17111,0.492872,17196,9780,16545,0.509647,22782,8993,11746,0.659812,18717,9912,14892,0.556904,20940,8993,13588,0.606464,22088,8993,12440,0.639713,22775,8993,11753,0.659610,22722,8615,12184,0.650948,18578,10290,14653,0.559056,S-measured
e2e4_2026_09_02,ca4d67f,1,intel-sponza.obj,incoherent,B,closest_improves_incumbent,31,10,0,67202,28324,18859,20019,0.585897,28359,18859,19984,0.586621,13801,41442,11959,0.535753,16088,33157,17957,0.472551,17475,31317,18410,0.486972,27142,20526,19534,0.581498,22169,28489,16544,0.572650,26161,19292,21749,0.546045,27684,19223,20295,0.577002,28036,19223,19943,0.584339,28081,18859,20262,0.580870,21969,28853,16380,0.572870,S-measured
e2e4_2026_09_02,ca4d67f,1,intel-sponza.obj,incoherent,B,closest_improves_incumbent,31,11,0,60256,27513,14475,18268,0.600970,27331,14455,18470,0.596734,11028,36471,12757,0.463654,19625,19873,20758,0.485972,19944,19873,20439,0.493871,27828,14989,17439,0.614752,23562,16668,20026,0.540562,25272,14759,20225,0.555465,27889,14595,17772,0.610784,26266,14738,19252,0.577046,27995,14479,17782,0.611552,23501,16784,19971,0.540601,S-measured
e2e4_2026_09_02,ca4d67f,1,intel-sponza.obj,incoherent,B,closest_improves_incumbent,31,12,0,42563,20245,9782,12536,0.617583,20513,8123,13927,0.595616,8228,23358,10977,0.428430,16466,10494,15603,0.513455,16733,10494,15336,0.521781,18781,12353,11429,0.621682,16423,12588,13552,0.547890,17804,11345,13414,0.570312,19823,10533,12207,0.618889,19404,10868,12291,0.612210,19922,10439,12202,0.620159,16385,12682,13496,0.548342,S-measured
e2e4_2026_09_02,ca4d67f,1,intel-sponza.obj,incoherent,B,closest_improves_incumbent,31,13,0,51041,20622,15225,15194,0.575776,20976,14640,15425,0.576248,7387,35198,8456,0.466263,17261,18280,15500,0.526876,17548,17832,15661,0.528411,20687,15616,14738,0.583966,16233,19049,15759,0.507408,17856,17581,15604,0.533652,20766,15139,15136,0.578408,20218,16305,14518,0.582047,20879,15090,15072,0.580763,16207,19098,15736,0.507373,S-measured
e2e4_2026_09_02,ca4d67f,1,intel-sponza.obj,incoherent,B,closest_improves_incumbent,31,14,0,52492,19507,17314,15671,0.554523,20095,15722,16675,0.546505,6826,39065,6601,0.508379,15606,21426,15460,0.502350,16062,20614,15816,0.503858,19454,17477,15561,0.555590,16214,21983,14295,0.531450,17524,19339,15629,0.528580,20003,16255,16234,0.552005,19447,17412,15633,0.554361,20056,16301,16135,0.554171,16202,22002,14288,0.531387,S-measured
e2e4_2026_09_02,ca4d67f,1,intel-sponza.obj,incoherent,B,closest_improves_incumbent,31,15,0,40712,17483,9387,13842,0.558117,17960,8548,14204,0.558388,5561,29410,5741,0.492037,13948,12505,14259,0.494487,14278,12132,14302,0.499580,17387,9910,13415,0.564476,12747,16265,11700,0.521414,14554,13185,12973,0.528717,17321,9722,13669,0.558922,16602,11352,12758,0.565463,17291,9601,13820,0.555784,12741,16276,11695,0.521403,S-measured
e2e4_2026_09_02,ca4d67f,1,intel-sponza.obj,incoherent,B,closest_improves_incumbent,31,16,0,30184,13641,5958,10585,0.563073,13808,5370,11006,0.556460,5082,20204,4898,0.509218,11205,8365,10614,0.513543,11310,8207,10667,0.514629,13349,6360,10475,0.560317,11353,8535,10296,0.524412,12360,7025,10799,0.533702,13447,5961,10776,0.555134,13266,6450,10468,0.558945,13578,5937,10669,0.559987,11351,8538,10295,0.524392,S-measured
e2e4_2026_09_02,ca4d67f,1,intel-sponza.obj,incoherent,B,closest_improves_incumbent,31,17,0,24452,11472,3940,9040,0.559282,11662,3509,9281,0.556845,4345,16255,3852,0.530072,9722,5314,9416,0.507995,9771,5263,9418,0.509198,11232,4169,9051,0.553764,9895,5561,8996,0.523794,10677,4646,9129,0.539079,11317,4097,9038,0.555981,11167,4279,9006,0.553562,11334,4077,9041,0.556270,9894,5564,8994,0.523825,S-measured
e2e4_2026_09_02,ca4d67f,1,intel-sponza.obj,incoherent,B,closest_improves_incumbent,31,18,0,21487,10423,2304,8760,0.543346,10723,1859,8905,0.546311,3251,15032,3204,0.503641,9011,3875,8601,0.511640,9102,3842,8543,0.515840,10254,2606,8627,0.543086,9072,3800,8615,0.512919,9901,2943,8643,0.533919,10292,2498,8697,0.541998,10239,2505,8743,0.539406,10413,2268,8806,0.541808,9072,3800,8615,0.512919,S-measured
e2e4_2026_09_02,ca4d67f,1,intel-sponza.obj,incoherent,B,closest_improves_incumbent,31,19,0,18750,9443,1450,7857,0.545838,9540,1259,7951,0.545423,2613,13820,2317,0.530020,8122,3084,7544,0.518448,8185,3005,7560,0.519848,9293,1583,7874,0.541329,8101,3126,7523,0.518497,9120,1859,7771,0.539933,9335,1557,7858,0.542954,9313,1555,7882,0.541611,9341,1529,7880,0.542419,8101,3126,7523,0.518497,S-measured
e2e4_2026_09_02,ca4d67f,1,intel-sponza.obj,incoherent,B,closest_improves_incumbent,31,20,0,14957,7568,1040,6349,0.543795,7640,983,6334,0.546730,1615,11877,1465,0.524351,6187,2654,6116,0.502885,6256,2619,6082,0.507051,7525,1062,6370,0.541562,6496,2285,6176,0.512626,7262,1288,6407,0.531275,7469,1032,6456,0.536373,7546,1032,6379,0.541903,7515,1035,6407,0.539793,6496,2285,6176,0.512626,S-measured
e2e4_2026_09_02,ca4d67f,1,intel-sponza.obj,incoherent,B,closest_improves_incumbent,31,21,0,10565,5393,455,4717,0.533432,5400,444,4721,0.533544,1014,8714,837,0.547812,4749,1223,4593,0.508349,4751,1223,4591,0.508563,5329,459,4777,0.527311,4745,1126,4694,0.502702,5221,592,4752,0.523513,5314,454,4797,0.525566,5400,454,4711,0.534072,5358,448,4759,0.529604,4745,1126,4694,0.502702,S-measured
e2e4_2026_09_02,ca4d67f,1,intel-sponza.obj,incoherent,B,closest_improves_incumbent,31,22,0,6232,3256,212,2764,0.540864,3222,202,2808,0.534328,577,5190,465,0.553743,3008,467,2757,0.521769,3069,467,2696,0.532350,3187,221,2824,0.530195,2975,431,2826,0.512843,3109,273,2850,0.521732,3171,220,2841,0.527445,3218,220,2794,0.535263,3202,215,2815,0.532159,2975,431,2826,0.512843,S-measured
e2e4_2026_09_02,ca4d67f,1,intel-sponza.obj,incoherent,B,closest_improves_incumbent,31,23,0,3521,1855,67,1599,0.537058,1826,66,1629,0.528509,333,2937,251,0.570205,1752,209,1560,0.528986,1748,209,1564,0.527778,1835,71,1615,0.531884,1694,154,1673,0.503119,1744,95,1682,0.509048,1801,70,1650,0.521878,1824,70,1627,0.528542,1822,70,1629,0.527963,1694,154,1673,0.503119,S-measured
e2e4_2026_09_02,ca4d67f,1,intel-sponza.obj,incoherent,B,closest_improves_incumbent,31,24,0,1879,967,25,887,0.521575,1025,25,829,0.552859,141,1616,122,0.536122,903,74,902,0.500277,910,73,896,0.503876,971,25,883,0.523732,920,58,901,0.505217,961,35,883,0.521150,967,25,887,0.521575,998,25,856,0.538296,981,25,873,0.529126,920,58,901,0.505217,S-measured
e2e4_2026_09_02,ca4d67f,1,intel-sponza.obj,incoherent,B,closest_improves_incumbent,31,25,0,846,451,7,388,0.537545,443,7,396,0.528010,52,757,37,0.584270,400,25,421,0.487211,408,25,413,0.496955,449,7,390,0.535161,428,14,404,0.514423,440,10,396,0.526316,441,7,398,0.525626,441,7,398,0.525626,456,7,383,0.543504,428,14,404,0.514423,S-measured
e2e4_2026_09_02,ca4d67f,1,intel-sponza.obj,incoherent,B,closest_improves_incumbent,31,26,0,198,98,0,100,0.494949,94,0,104,0.474747,6,185,7,0.461538,99,3,96,0.507692,99,3,96,0.507692,98,0,100,0.494949,101,1,96,0.512690,108,2,88,0.551020,106,0,92,0.535354,96,0,102,0.484848,97,0,101,0.489899,101,1,96,0.512690,S-measured
e2e4_2026_09_02,ca4d67f,1,intel-sponza.obj,incoherent,B,closest_improves_incumbent,31,27,0,32,16,0,16,0.500000,16,0,16,0.500000,0,32,0,,16,1,15,0.516129,17,1,14,0.548387,17,0,15,0.531250,15,0,17,0.468750,15,0,17,0.468750,16,0,16,0.500000,17,0,15,0.531250,16,0,16,0.500000,15,0,17,0.468750,S-measured
e2e4_2026_09_02,ca4d67f,1,intel-sponza.obj,incoherent,B,closest_improves_incumbent,31,28,0,1,1,0,0,1.000000,1,0,0,1.000000,0,1,0,,0,0,1,0.000000,0,0,1,0.000000,1,0,0,1.000000,1,0,0,1.000000,1,0,0,1.000000,1,0,0,1.000000,1,0,0,1.000000,1,0,0,1.000000,1,0,0,1.000000,S-measured
e2e4_2026_09_02,ca4d67f,1,hairball.obj,primary,A,closest_improves_incumbent,34,0,0,773,363,0,410,0.469599,363,0,410,0.469599,410,0,363,0.530401,410,0,363,0.530401,410,0,363,0.530401,0,773,0,,363,0,410,0.469599,0,773,0,,0,773,0,,0,773,0,,363,0,410,0.469599,0,773,0,,S-measured
e2e4_2026_09_02,ca4d67f,1,hairball.obj,primary,A,closest_improves_incumbent,34,1,0,369,157,0,212,0.425474,157,0,212,0.425474,157,0,212,0.425474,212,0,157,0.574526,212,0,157,0.574526,0,369,0,,157,0,212,0.425474,0,369,0,,0,369,0,,0,369,0,,157,0,212,0.425474,0,369,0,,S-measured
e2e4_2026_09_02,ca4d67f,1,hairball.obj,primary,A,closest_improves_incumbent,34,2,0,439,328,0,111,0.747153,328,0,111,0.747153,282,0,157,0.642369,305,0,134,0.694761,305,0,134,0.694761,0,439,0,,328,0,111,0.747153,0,439,0,,0,439,0,,0,439,0,,328,0,111,0.747153,0,439,0,,S-measured
e2e4_2026_09_02,ca4d67f,1,hairball.obj,primary,A,closest_improves_incumbent,34,3,0,853,384,0,469,0.450176,384,0,469,0.450176,384,0,469,0.450176,469,0,384,0.549824,371,0,482,0.434936,0,853,0,,384,0,469,0.450176,0,853,0,,0,853,0,,0,853,0,,384,0,469,0.450176,0,853,0,,S-measured
e2e4_2026_09_02,ca4d67f,1,hairball.obj,primary,A,closest_improves_incumbent,34,4,0,545,339,0,206,0.622018,339,0,206,0.622018,339,0,206,0.622018,198,0,347,0.363303,206,0,339,0.377982,0,545,0,,339,0,206,0.622018,0,545,0,,0,545,0,,0,545,0,,339,0,206,0.622018,0,545,0,,S-measured
e2e4_2026_09_02,ca4d67f,1,hairball.obj,primary,A,closest_improves_incumbent,34,5,0,739,399,0,340,0.539919,399,0,340,0.539919,399,0,340,0.539919,353,0,386,0.477673,381,0,358,0.515562,119,559,61,0.661111,399,0,340,0.539919,119,559,61,0.661111,119,559,61,0.661111,119,559,61,0.661111,399,0,340,0.539919,119,559,61,0.661111,S-measured
e2e4_2026_09_02,ca4d67f,1,hairball.obj,primary,A,closest_improves_incumbent,34,6,0,855,469,0,386,0.548538,469,0,386,0.548538,469,0,386,0.548538,445,0,410,0.520468,453,0,402,0.529825,279,394,182,0.605206,466,0,389,0.545029,279,394,182,0.605206,279,394,182,0.605206,279,394,182,0.605206,469,0,386,0.548538,276,394,185,0.598698,S-measured
e2e4_2026_09_02,ca4d67f,1,hairball.obj,primary,A,closest_improves_incumbent,34,7,0,938,525,0,413,0.559701,523,0,415,0.557569,527,0,411,0.561834,470,0,468,0.501066,496,0,442,0.528785,380,317,241,0.611916,521,0,417,0.555437,380,317,241,0.611916,380,317,241,0.611916,380,317,241,0.611916,526,0,412,0.560768,382,317,239,0.615137,S-measured
e2e4_2026_09_02,ca4d67f,1,hairball.obj,primary,A,closest_improves_incumbent,34,8,0,960,515,0,445,0.536458,515,0,445,0.536458,523,0,437,0.544792,448,0,512,0.466667,467,0,493,0.486458,356,294,310,0.534535,500,0,460,0.520833,361,294,305,0.542042,363,294,303,0.545045,356,294,310,0.534535,515,0,445,0.536458,356,294,310,0.534535,S-measured
e2e4_2026_09_02,ca4d67f,1,hairball.obj,primary,A,closest_improves_incumbent,34,9,0,1154,701,0,453,0.607452,695,0,459,0.602253,688,0,466,0.596187,496,0,658,0.429809,526,0,628,0.455806,565,237,352,0.616140,705,0,449,0.610919,568,237,349,0.619411,568,237,349,0.619411,571,237,346,0.622683,694,0,460,0.601386,572,237,345,0.623773,S-measured
e2e4_2026_09_02,ca4d67f,1,hairball.obj,primary,A,closest_improves_incumbent,34,10,0,1050,580,0,470,0.552381,576,0,474,0.548571,549,2,499,0.523855,477,0,573,0.454286,486,0,564,0.462857,463,228,359,0.563260,567,0,483,0.540000,468,228,354,0.569343,467,228,355,0.568127,469,228,353,0.570560,577,0,473,0.549524,458,228,364,0.557178,S-measured
e2e4_2026_09_02,ca4d67f,1,hairball.obj,primary,A,closest_improves_incumbent,34,11,0,1115,645,0,470,0.578475,646,0,469,0.579372,653,5,457,0.588288,546,0,569,0.489686,551,0,564,0.494170,586,132,397,0.596134,649,0,466,0.582063,585,132,398,0.595117,587,132,396,0.597152,594,132,389,0.604273,650,0,465,0.582960,585,132,398,0.595117,S-measured
e2e4_2026_09_02,ca4d67f,1,hairball.obj,primary,A,closest_improves_incumbent,34,12,0,1117,644,0,473,0.576544,641,0,476,0.573859,622,9,486,0.561372,534,0,583,0.478066,525,0,592,0.470009,628,52,437,0.589671,638,0,479,0.571173,619,52,446,0.581221,621,52,444,0.583099,626,52,439,0.587793,645,0,472,0.577440,616,52,449,0.578404,S-measured
e2e4_2026_09_02,ca4d67f,1,hairball.obj,primary,A,closest_improves_incumbent,34,13,0,1032,633,0,399,0.613372,637,0,395,0.617248,587,20,425,0.580040,495,0,537,0.479651,495,0,537,0.479651,627,10,395,0.613503,640,0,392,0.620155,630,10,392,0.616438,628,10,394,0.614481,633,10,389,0.619374,640,0,392,0.620155,634,10,388,0.620352,S-measured
e2e4_2026_09_02,ca4d67f,1,hairball.obj,primary,A,closest_improves_incumbent,34,14,0,924,572,0,352,0.619048,564,0,360,0.610390,491,40,393,0.555430,410,0,514,0.443723,410,0,514,0.443723,561,0,363,0.607143,555,0,369,0.600649,563,0,361,0.609307,561,0,363,0.607143,559,0,365,0.604978,563,0,361,0.609307,555,0,369,0.600649,S-measured
e2e4_2026_09_02,ca4d67f,1,hairball.obj,primary,A,closest_improves_incumbent,34,15,0,795,480,0,315,0.603774,484,0,311,0.608805,424,75,296,0.588889,380,0,415,0.477987,375,0,420,0.471698,478,0,317,0.601258,485,0,310,0.610063,478,0,317,0.601258,480,0,315,0.603774,484,0,311,0.608805,479,0,316,0.602516,485,0,310,0.610063,S-measured
e2e4_2026_09_02,ca4d67f,1,hairball.obj,primary,A,closest_improves_incumbent,34,16,0,808,499,0,309,0.617574,482,0,326,0.596535,380,131,297,0.561300,406,0,402,0.502475,401,0,407,0.496287,476,0,332,0.589109,483,0,325,0.597772,491,0,317,0.607673,484,0,324,0.599010,484,0,324,0.599010,478,0,330,0.591584,483,0,325,0.597772,S-measured
e2e4_2026_09_02,ca4d67f,1,hairball.obj,primary,A,closest_improves_incumbent,34,17,0,1056,680,0,376,0.643939,682,0,374,0.645833,538,191,327,0.621965,606,0,450,0.573864,604,0,452,0.571970,676,0,380,0.640152,655,0,401,0.620265,654,0,402,0.619318,676,0,380,0.640152,681,0,375,0.644886,690,0,366,0.653409,655,0,401,0.620265,S-measured
e2e4_2026_09_02,ca4d67f,1,hairball.obj,primary,A,closest_improves_incumbent,34,18,0,1387,863,0,524,0.622206,846,0,541,0.609950,664,333,390,0.629981,811,0,576,0.584715,828,0,559,0.596972,840,0,547,0.605624,816,0,571,0.588320,813,0,574,0.586157,830,0,557,0.598414,846,0,541,0.609950,851,0,536,0.613554,816,0,571,0.588320,S-measured
e2e4_2026_09_02,ca4d67f,1,hairball.obj,primary,A,closest_improves_incumbent,34,19,0,1667,1053,0,614,0.631674,1025,0,642,0.614877,682,603,382,0.640977,953,0,714,0.571686,969,0,698,0.581284,1012,0,655,0.607079,958,0,709,0.574685,991,0,676,0.594481,1002,0,665,0.601080,997,0,670,0.598080,1020,0,647,0.611878,958,0,709,0.574685,S-measured
e2e4_2026_09_02,ca4d67f,1,hairball.obj,primary,A,closest_improves_incumbent,34,20,0,1488,936,0,552,0.629032,860,0,628,0.577957,423,839,226,0.651772,862,0,626,0.579301,866,0,622,0.581989,863,0,625,0.579973,826,0,662,0.555108,863,0,625,0.579973,869,0,619,0.584005,845,0,643,0.567876,868,0,620,0.583333,826,0,662,0.555108,S-measured
e2e4_2026_09_02,ca4d67f,1,hairball.obj,primary,A,closest_improves_incumbent,34,21,0,935,530,0,405,0.566845,517,0,418,0.552941,176,680,79,0.690196,493,0,442,0.527273,489,0,446,0.522995,504,0,431,0.539037,497,0,438,0.531551,491,0,444,0.525134,496,0,439,0.530481,520,0,415,0.556150,513,0,422,0.548663,497,0,438,0.531551,S-measured
e2e4_2026_09_02,ca4d67f,1,hairball.obj,primary,A,closest_improves_incumbent,34,22,0,332,190,0,142,0.572289,180,0,152,0.542169,32,287,13,0.711111,179,0,153,0.539157,180,0,152,0.542169,182,0,150,0.548193,171,0,161,0.515060,180,0,152,0.542169,180,0,152,0.542169,171,0,161,0.515060,180,0,152,0.542169,171,0,161,0.515060,S-measured
e2e4_2026_09_02,ca4d67f,1,hairball.obj,primary,A,closest_improves_incumbent,34,23,0,68,39,0,29,0.573529,37,0,31,0.544118,8,58,2,0.800000,39,0,29,0.573529,39,0,29,0.573529,36,0,32,0.529412,35,0,33,0.514706,34,0,34,0.500000,35,0,33,0.514706,35,0,33,0.514706,37,0,31,0.544118,35,0,33,0.514706,S-measured
e2e4_2026_09_02,ca4d67f,1,hairball.obj,primary,A,closest_improves_incumbent,34,24,0,11,6,0,5,0.545455,6,0,5,0.545455,1,10,0,1.000000,7,0,4,0.636364,7,0,4,0.636364,8,0,3,0.727273,7,0,4,0.636364,6,0,5,0.545455,8,0,3,0.727273,8,0,3,0.727273,8,0,3,0.727273,7,0,4,0.636364,S-measured
e2e4_2026_09_02,ca4d67f,1,hairball.obj,primary,A,closest_improves_incumbent,34,25,0,1,1,0,0,1.000000,1,0,0,1.000000,0,1,0,,1,0,0,1.000000,1,0,0,1.000000,1,0,0,1.000000,1,0,0,1.000000,1,0,0,1.000000,1,0,0,1.000000,1,0,0,1.000000,1,0,0,1.000000,1,0,0,1.000000,S-measured
e2e4_2026_09_02,ca4d67f,1,hairball.obj,shadow_ao,A,any_occluder_in_range,34,0,0,91,51,0,40,0.560440,51,0,40,0.560440,40,0,51,0.439560,40,0,51,0.439560,40,0,51,0.439560,0,91,0,,51,0,40,0.560440,0,91,0,,0,91,0,,0,91,0,,51,0,40,0.560440,0,91,0,,S-measured
e2e4_2026_09_02,ca4d67f,1,hairball.obj,shadow_ao,A,any_occluder_in_range,34,1,0,159,87,0,72,0.547170,87,0,72,0.547170,87,0,72,0.547170,72,0,87,0.452830,73,0,86,0.459119,0,159,0,,87,0,72,0.547170,0,159,0,,0,159,0,,0,159,0,,87,0,72,0.547170,0,159,0,,S-measured
e2e4_2026_09_02,ca4d67f,1,hairball.obj,shadow_ao,A,any_occluder_in_range,34,2,0,149,86,0,63,0.577181,86,0,63,0.577181,73,0,76,0.489933,85,0,64,0.570470,85,0,64,0.570470,0,149,0,,86,0,63,0.577181,0,149,0,,0,149,0,,0,149,0,,86,0,63,0.577181,0,149,0,,S-measured
e2e4_2026_09_02,ca4d67f,1,hairball.obj,shadow_ao,A,any_occluder_in_range,34,3,0,272,169,0,103,0.621324,169,0,103,0.621324,169,0,103,0.621324,103,0,169,0.378676,126,0,146,0.463235,0,272,0,,169,0,103,0.621324,0,272,0,,0,272,0,,0,272,0,,169,0,103,0.621324,0,272,0,,S-measured
e2e4_2026_09_02,ca4d67f,1,hairball.obj,shadow_ao,A,any_occluder_in_range,34,4,0,255,144,0,111,0.564706,144,0,111,0.564706,144,0,111,0.564706,115,0,140,0.450980,135,0,120,0.529412,0,255,0,,144,0,111,0.564706,0,255,0,,0,255,0,,0,255,0,,144,0,111,0.564706,0,255,0,,S-measured
e2e4_2026_09_02,ca4d67f,1,hairball.obj,shadow_ao,A,any_occluder_in_range,34,5,0,189,84,0,105,0.444444,84,0,105,0.444444,84,0,105,0.444444,101,0,88,0.534392,99,0,90,0.523810,26,134,29,0.472727,84,0,105,0.444444,26,134,29,0.472727,26,134,29,0.472727,26,134,29,0.472727,84,0,105,0.444444,26,134,29,0.472727,S-measured
e2e4_2026_09_02,ca4d67f,1,hairball.obj,shadow_ao,A,any_occluder_in_range,34,6,0,327,184,0,143,0.562691,184,0,143,0.562691,184,0,143,0.562691,171,0,156,0.522936,183,0,144,0.559633,104,162,61,0.630303,184,0,143,0.562691,104,162,61,0.630303,104,162,61,0.630303,104,162,61,0.630303,184,0,143,0.562691,104,162,61,0.630303,S-measured
e2e4_2026_09_02,ca4d67f,1,hairball.obj,shadow_ao,A,any_occluder_in_range,34,7,0,387,214,0,173,0.552972,212,0,175,0.547804,213,0,174,0.550388,188,0,199,0.485788,208,0,179,0.537468,140,151,96,0.593220,215,0,172,0.555556,140,151,96,0.593220,140,151,96,0.593220,140,151,96,0.593220,213,0,174,0.550388,140,151,96,0.593220,S-measured
e2e4_2026_09_02,ca4d67f,1,hairball.obj,shadow_ao,A,any_occluder_in_range,34,8,0,400,233,0,167,0.582500,235,0,165,0.587500,218,0,182,0.545000,191,0,209,0.477500,204,0,196,0.510000,160,129,111,0.590406,231,0,169,0.577500,163,129,108,0.601476,162,129,109,0.597786,158,129,113,0.583026,235,0,165,0.587500,157,129,114,0.579336,S-measured
e2e4_2026_09_02,ca4d67f,1,hairball.obj,shadow_ao,A,any_occluder_in_range,34,9,0,449,249,0,200,0.554566,246,0,203,0.547884,243,0,206,0.541203,210,0,239,0.467706,221,0,228,0.492205,198,99,152,0.565714,252,0,197,0.561247,197,99,153,0.562857,197,99,153,0.562857,198,99,152,0.565714,250,0,199,0.556793,199,99,151,0.568571,S-measured
e2e4_2026_09_02,ca4d67f,1,hairball.obj,shadow_ao,A,any_occluder_in_range,34,10,0,518,271,0,247,0.523166,273,0,245,0.527027,260,1,257,0.502901,232,0,286,0.447876,233,0,285,0.449807,208,135,175,0.543081,279,0,239,0.538610,205,135,178,0.535248,207,135,176,0.540470,208,135,175,0.543081,272,0,246,0.525097,210,135,173,0.548303,S-measured
e2e4_2026_09_02,ca4d67f,1,hairball.obj,shadow_ao,A,any_occluder_in_range,34,11,0,519,295,0,224,0.568401,299,0,220,0.576108,296,0,223,0.570328,235,0,284,0.452794,232,0,287,0.447013,261,68,190,0.578714,301,0,218,0.579961,262,68,189,0.580931,261,68,190,0.578714,260,68,191,0.576497,298,0,221,0.574181,262,68,189,0.580931,S-measured
e2e4_2026_09_02,ca4d67f,1,hairball.obj,shadow_ao,A,any_occluder_in_range,34,12,0,524,320,0,204,0.610687,312,0,212,0.595420,292,5,227,0.562620,250,0,274,0.477099,255,0,269,0.486641,296,35,193,0.605317,303,0,221,0.578244,296,35,193,0.605317,300,35,189,0.613497,294,35,195,0.601227,309,0,215,0.589695,286,35,203,0.584867,S-measured
e2e4_2026_09_02,ca4d67f,1,hairball.obj,shadow_ao,A,any_occluder_in_range,34,13,0,536,328,0,208,0.611940,325,0,211,0.606343,301,9,226,0.571157,246,0,290,0.458955,253,0,283,0.472015,323,7,206,0.610586,329,0,207,0.613806,327,7,202,0.618147,327,7,202,0.618147,323,7,206,0.610586,326,0,210,0.608209,325,7,204,0.614367,S-measured
e2e4_2026_09_02,ca4d67f,1,hairball.obj,shadow_ao,A,any_occluder_in_range,34,14,0,478,280,0,198,0.585774,284,0,194,0.594142,255,15,208,0.550756,241,0,237,0.504184,230,0,248,0.481172,283,1,194,0.593291,278,0,200,0.581590,279,1,198,0.584906,280,1,197,0.587002,281,1,196,0.589099,279,0,199,0.583682,278,1,199,0.582809,S-measured
e2e4_2026_09_02,ca4d67f,1,hairball.obj,shadow_ao,A,any_occluder_in_range,34,15,0,440,264,0,176,0.600000,264,0,176,0.600000,213,40,187,0.532500,211,0,229,0.479545,207,0,233,0.470455,262,0,178,0.595455,257,0,183,0.584091,260,0,180,0.590909,258,0,182,0.586364,267,0,173,0.606818,261,0,179,0.593182,257,0,183,0.584091,S-measured
e2e4_2026_09_02,ca4d67f,1,hairball.obj,shadow_ao,A,any_occluder_in_range,34,16,0,401,263,0,138,0.655860,262,0,139,0.653367,190,58,153,0.553936,191,0,210,0.476309,184,0,217,0.458853,263,0,138,0.655860,265,0,136,0.660848,261,0,140,0.650873,265,0,136,0.660848,265,0,136,0.660848,259,0,142,0.645885,265,0,136,0.660848,S-measured
e2e4_2026_09_02,ca4d67f,1,hairball.obj,shadow_ao,A,any_occluder_in_range,34,17,0,503,342,0,161,0.679920,333,0,170,0.662028,256,95,152,0.627451,281,0,222,0.558648,282,0,221,0.560636,331,0,172,0.658052,319,0,184,0.634195,319,0,184,0.634195,327,0,176,0.650099,329,0,174,0.654076,330,0,173,0.656064,319,0,184,0.634195,S-measured
e2e4_2026_09_02,ca4d67f,1,hairball.obj,shadow_ao,A,any_occluder_in_range,34,18,0,666,411,0,255,0.617117,402,0,264,0.603604,332,136,198,0.626415,387,0,279,0.581081,399,0,267,0.599099,396,0,270,0.594595,400,0,266,0.600601,400,0,266,0.600601,397,0,269,0.596096,408,0,258,0.612613,403,0,263,0.605105,400,0,266,0.600601,S-measured
e2e4_2026_09_02,ca4d67f,1,hairball.obj,shadow_ao,A,any_occluder_in_range,34,19,0,730,433,0,297,0.593151,432,0,298,0.591781,279,274,177,0.611842,429,0,301,0.587671,433,0,297,0.593151,423,0,307,0.579452,408,0,322,0.558904,421,0,309,0.576712,418,0,312,0.572603,419,0,311,0.573973,429,0,301,0.587671,408,0,322,0.558904,S-measured
e2e4_2026_09_02,ca4d67f,1,hairball.obj,shadow_ao,A,any_occluder_in_range,34,20,0,666,384,0,282,0.576577,377,0,289,0.566066,195,345,126,0.607477,356,0,310,0.534535,364,0,302,0.546547,363,0,303,0.545045,353,0,313,0.530030,357,0,309,0.536036,364,0,302,0.546547,365,0,301,0.548048,362,0,304,0.543544,353,0,313,0.530030,S-measured
e2e4_2026_09_02,ca4d67f,1,hairball.obj,shadow_ao,A,any_occluder_in_range,34,21,0,447,259,0,188,0.579418,242,0,205,0.541387,87,314,46,0.654135,239,0,208,0.534676,235,0,212,0.525727,252,0,195,0.563758,241,0,206,0.539150,249,0,198,0.557047,250,0,197,0.559284,238,0,209,0.532438,251,0,196,0.561521,241,0,206,0.539150,S-measured
e2e4_2026_09_02,ca4d67f,1,hairball.obj,shadow_ao,A,any_occluder_in_range,34,22,0,178,99,0,79,0.556180,96,0,82,0.539326,24,144,10,0.705882,105,0,73,0.589888,109,0,69,0.612360,92,0,86,0.516854,98,0,80,0.550562,99,0,79,0.556180,96,0,82,0.539326,97,0,81,0.544944,91,0,87,0.511236,98,0,80,0.550562,S-measured
e2e4_2026_09_02,ca4d67f,1,hairball.obj,shadow_ao,A,any_occluder_in_range,34,23,0,48,28,0,20,0.583333,26,0,22,0.541667,1,46,1,0.500000,20,0,28,0.416667,22,0,26,0.458333,22,0,26,0.458333,25,0,23,0.520833,23,0,25,0.479167,22,0,26,0.458333,27,0,21,0.562500,21,0,27,0.437500,25,0,23,0.520833,S-measured
e2e4_2026_09_02,ca4d67f,1,hairball.obj,shadow_ao,A,any_occluder_in_range,34,24,0,4,1,0,3,0.250000,1,0,3,0.250000,0,4,0,,3,0,1,0.750000,3,0,1,0.750000,1,0,3,0.250000,2,0,2,0.500000,1,0,3,0.250000,1,0,3,0.250000,1,0,3,0.250000,1,0,3,0.250000,2,0,2,0.500000,S-measured
e2e4_2026_09_02,ca4d67f,1,hairball.obj,shadow_ao,B,any_occluder_in_range,34,0,0,106,66,0,40,0.622642,66,0,40,0.622642,40,0,66,0.377358,40,0,66,0.377358,40,0,66,0.377358,0,106,0,,66,0,40,0.622642,0,106,0,,0,106,0,,0,106,0,,66,0,40,0.622642,0,106,0,,S-measured
e2e4_2026_09_02,ca4d67f,1,hairball.obj,shadow_ao,B,any_occluder_in_range,34,1,0,144,76,0,68,0.527778,76,0,68,0.527778,76,0,68,0.527778,68,0,76,0.472222,68,0,76,0.472222,0,144,0,,76,0,68,0.527778,0,144,0,,0,144,0,,0,144,0,,76,0,68,0.527778,0,144,0,,S-measured
e2e4_2026_09_02,ca4d67f,1,hairball.obj,shadow_ao,B,any_occluder_in_range,34,2,0,156,82,0,74,0.525641,81,0,75,0.519231,81,0,75,0.519231,73,0,83,0.467949,73,0,83,0.467949,0,156,0,,81,0,75,0.519231,0,156,0,,0,156,0,,0,156,0,,81,0,75,0.519231,0,156,0,,S-measured
e2e4_2026_09_02,ca4d67f,1,hairball.obj,shadow_ao,B,any_occluder_in_range,34,3,0,260,164,0,96,0.630769,164,0,96,0.630769,164,0,96,0.630769,96,0,164,0.369231,116,0,144,0.446154,0,260,0,,164,0,96,0.630769,0,260,0,,0,260,0,,0,260,0,,164,0,96,0.630769,0,260,0,,S-measured
e2e4_2026_09_02,ca4d67f,1,hairball.obj,shadow_ao,B,any_occluder_in_range,34,4,0,236,121,0,115,0.512712,121,0,115,0.512712,121,0,115,0.512712,114,0,122,0.483051,116,0,120,0.491525,0,236,0,,121,0,115,0.512712,0,236,0,,0,236,0,,0,236,0,,121,0,115,0.512712,0,236,0,,S-measured
e2e4_2026_09_02,ca4d67f,1,hairball.obj,shadow_ao,B,any_occluder_in_range,34,5,0,192,102,0,90,0.531250,102,0,90,0.531250,102,0,90,0.531250,97,0,95,0.505208,101,0,91,0.526042,31,138,23,0.574074,102,0,90,0.531250,31,138,23,0.574074,31,138,23,0.574074,31,138,23,0.574074,102,0,90,0.531250,31,138,23,0.574074,S-measured
e2e4_2026_09_02,ca4d67f,1,hairball.obj,shadow_ao,B,any_occluder_in_range,34,6,0,312,166,0,146,0.532051,166,0,146,0.532051,166,0,146,0.532051,165,0,147,0.528846,176,0,136,0.564103,84,174,54,0.608696,165,0,147,0.528846,84,174,54,0.608696,84,174,54,0.608696,84,174,54,0.608696,166,0,146,0.532051,83,174,55,0.601449,S-measured
e2e4_2026_09_02,ca4d67f,1,hairball.obj,shadow_ao,B,any_occluder_in_range,34,7,0,408,249,0,159,0.610294,251,0,157,0.615196,252,0,156,0.617647,200,0,208,0.490196,217,0,191,0.531863,150,168,90,0.625000,239,0,169,0.585784,150,168,90,0.625000,150,168,90,0.625000,150,168,90,0.625000,251,0,157,0.615196,150,168,90,0.625000,S-measured
e2e4_2026_09_02,ca4d67f,1,hairball.obj,shadow_ao,B,any_occluder_in_range,34,8,0,391,220,0,171,0.562660,225,0,166,0.575448,214,0,177,0.547315,186,0,205,0.475703,188,0,203,0.480818,135,152,104,0.564854,218,0,173,0.557545,134,152,105,0.560669,134,152,105,0.560669,134,152,105,0.560669,225,0,166,0.575448,132,152,107,0.552301,S-measured
e2e4_2026_09_02,ca4d67f,1,hairball.obj,shadow_ao,B,any_occluder_in_range,34,9,0,470,259,0,211,0.551064,259,0,211,0.551064,270,0,200,0.574468,212,0,258,0.451064,234,0,236,0.497872,204,118,148,0.579545,256,0,214,0.544681,204,118,148,0.579545,204,118,148,0.579545,205,118,147,0.582386,256,0,214,0.544681,204,118,148,0.579545,S-measured
e2e4_2026_09_02,ca4d67f,1,hairball.obj,shadow_ao,B,any_occluder_in_range,34,10,0,493,265,0,228,0.537525,270,0,223,0.547667,266,0,227,0.539554,237,0,256,0.480730,240,0,253,0.486815,200,133,160,0.555556,258,0,235,0.523327,193,133,167,0.536111,196,133,164,0.544444,203,133,157,0.563889,276,0,217,0.559838,190,133,170,0.527778,S-measured
e2e4_2026_09_02,ca4d67f,1,hairball.obj,shadow_ao,B,any_occluder_in_range,34,11,0,544,308,0,236,0.566176,304,0,240,0.558824,303,0,241,0.556985,283,0,261,0.520221,274,0,270,0.503676,262,79,203,0.563441,297,0,247,0.545956,259,79,206,0.556989,262,79,203,0.563441,263,79,202,0.565591,304,0,240,0.558824,259,79,206,0.556989,S-measured
e2e4_2026_09_02,ca4d67f,1,hairball.obj,shadow_ao,B,any_occluder_in_range,34,12,0,497,286,0,211,0.575453,281,0,216,0.565392,277,4,216,0.561866,237,0,260,0.476861,230,0,267,0.462777,266,32,199,0.572043,278,0,219,0.559356,273,32,192,0.587097,272,32,193,0.584946,266,32,199,0.572043,279,0,218,0.561368,264,32,201,0.567742,S-measured
e2e4_2026_09_02,ca4d67f,1,hairball.obj,shadow_ao,B,any_occluder_in_range,34,13,0,536,311,0,225,0.580224,305,0,231,0.569030,269,6,261,0.507547,256,0,280,0.477612,254,0,282,0.473881,298,11,227,0.567619,302,0,234,0.563433,296,11,229,0.563810,297,11,228,0.565714,302,11,223,0.575238,310,0,226,0.578358,296,11,229,0.563810,S-measured
e2e4_2026_09_02,ca4d67f,1,hairball.obj,shadow_ao,B,any_occluder_in_range,34,14,0,475,289,0,186,0.608421,289,0,186,0.608421,257,21,197,0.566079,217,0,258,0.456842,220,0,255,0.463158,288,2,185,0.608879,293,0,182,0.616842,281,2,192,0.594080,288,2,185,0.608879,285,2,188,0.602537,285,0,190,0.600000,292,2,181,0.617336,S-measured
e2e4_2026_09_02,ca4d67f,1,hairball.obj,shadow_ao,B,any_occluder_in_range,34,15,0,416,244,0,172,0.586538,242,0,174,0.581731,210,31,175,0.545455,183,0,233,0.439904,188,0,228,0.451923,238,2,176,0.574879,242,0,174,0.581731,238,2,176,0.574879,241,2,173,0.582126,238,2,176,0.574879,242,0,174,0.581731,240,2,174,0.579710,S-measured
e2e4_2026_09_02,ca4d67f,1,hairball.obj,shadow_ao,B,any_occluder_in_range,34,16,0,397,263,0,134,0.662469,263,0,134,0.662469,189,65,143,0.569277,184,0,213,0.463476,187,0,210,0.471033,256,0,141,0.644836,252,0,145,0.634761,250,0,147,0.629723,255,0,142,0.642317,256,0,141,0.644836,262,0,135,0.659950,252,0,145,0.634761,S-measured
e2e4_2026_09_02,ca4d67f,1,hairball.obj,shadow_ao,B,any_occluder_in_range,34,17,0,518,317,0,201,0.611969,326,0,192,0.629344,262,100,156,0.626794,274,0,244,0.528958,277,0,241,0.534749,321,1,196,0.620890,312,0,206,0.602317,318,1,199,0.615087,319,1,198,0.617021,313,1,204,0.605416,322,0,196,0.621622,312,1,205,0.603482,S-measured
e2e4_2026_09_02,ca4d67f,1,hairball.obj,shadow_ao,B,any_occluder_in_range,34,18,0,620,389,0,231,0.627419,383,0,237,0.617742,298,139,183,0.619543,350,0,270,0.564516,355,0,265,0.572581,372,0,248,0.600000,374,0,246,0.603226,367,0,253,0.591935,367,0,253,0.591935,373,0,247,0.601613,378,0,242,0.609677,374,0,246,0.603226,S-measured
e2e4_2026_09_02,ca4d67f,1,hairball.obj,shadow_ao,B,any_occluder_in_range,34,19,0,752,460,0,292,0.611702,442,0,310,0.587766,307,263,182,0.627812,426,0,326,0.566489,443,0,309,0.589096,437,0,315,0.581117,415,0,337,0.551862,432,0,320,0.574468,429,0,323,0.570479,436,0,316,0.579787,439,0,313,0.583777,415,0,337,0.551862,S-measured
e2e4_2026_09_02,ca4d67f,1,hairball.obj,shadow_ao,B,any_occluder_in_range,34,20,0,710,416,0,294,0.585915,399,0,311,0.561972,181,422,107,0.628472,395,0,315,0.556338,406,0,304,0.571831,396,0,314,0.557746,392,0,318,0.552113,392,0,318,0.552113,386,0,324,0.543662,401,0,309,0.564789,400,0,310,0.563380,392,0,318,0.552113,S-measured
e2e4_2026_09_02,ca4d67f,1,hairball.obj,shadow_ao,B,any_occluder_in_range,34,21,0,418,245,0,173,0.586124,245,0,173,0.586124,76,300,42,0.644068,213,0,205,0.509569,227,0,191,0.543062,241,0,177,0.576555,239,0,179,0.571770,235,0,183,0.562201,238,0,180,0.569378,234,0,184,0.559809,237,0,181,0.566986,239,0,179,0.571770,S-measured
e2e4_2026_09_02,ca4d67f,1,hairball.obj,shadow_ao,B,any_occluder_in_range,34,22,0,141,80,0,61,0.567376,74,0,67,0.524823,16,118,7,0.695652,71,0,70,0.503546,69,0,72,0.489362,69,0,72,0.489362,80,0,61,0.567376,65,0,76,0.460993,64,0,77,0.453901,77,0,64,0.546099,70,0,71,0.496454,80,0,61,0.567376,S-measured
e2e4_2026_09_02,ca4d67f,1,hairball.obj,shadow_ao,B,any_occluder_in_range,34,23,0,25,15,0,10,0.600000,15,0,10,0.600000,2,22,1,0.666667,12,0,13,0.480000,13,0,12,0.520000,13,0,12,0.520000,11,0,14,0.440000,12,0,13,0.480000,13,0,12,0.520000,15,0,10,0.600000,12,0,13,0.480000,11,0,14,0.440000,S-measured
e2e4_2026_09_02,ca4d67f,1,hairball.obj,shadow_ao,B,any_occluder_in_range,34,24,0,5,1,0,4,0.200000,1,0,4,0.200000,1,4,0,1.000000,3,0,2,0.600000,3,0,2,0.600000,3,0,2,0.600000,2,0,3,0.400000,2,0,3,0.400000,2,0,3,0.400000,2,0,3,0.400000,4,0,1,0.800000,2,0,3,0.400000,S-measured
e2e4_2026_09_02,ca4d67f,1,hairball.obj,shadow_ao,B,any_occluder_in_range,34,25,0,1,1,0,0,1.000000,1,0,0,1.000000,0,1,0,,1,0,0,1.000000,1,0,0,1.000000,1,0,0,1.000000,1,0,0,1.000000,1,0,0,1.000000,1,0,0,1.000000,1,0,0,1.000000,1,0,0,1.000000,1,0,0,1.000000,S-measured
e2e4_2026_09_02,ca4d67f,1,hairball.obj,diffuse_1,A,closest_improves_incumbent,34,0,0,185,123,0,62,0.664865,123,0,62,0.664865,62,0,123,0.335135,62,0,123,0.335135,62,0,123,0.335135,0,185,0,,123,0,62,0.664865,0,185,0,,0,185,0,,0,185,0,,123,0,62,0.664865,0,185,0,,S-measured
e2e4_2026_09_02,ca4d67f,1,hairball.obj,diffuse_1,A,closest_improves_incumbent,34,1,0,218,121,0,97,0.555046,121,0,97,0.555046,121,0,97,0.555046,97,0,121,0.444954,97,0,121,0.444954,0,218,0,,121,0,97,0.555046,0,218,0,,0,218,0,,0,218,0,,121,0,97,0.555046,0,218,0,,S-measured
e2e4_2026_09_02,ca4d67f,1,hairball.obj,diffuse_1,A,closest_improves_incumbent,34,2,0,228,116,0,112,0.508772,117,0,111,0.513158,104,0,124,0.456140,117,0,111,0.513158,117,0,111,0.513158,0,228,0,,117,0,111,0.513158,0,228,0,,0,228,0,,0,228,0,,117,0,111,0.513158,0,228,0,,S-measured
e2e4_2026_09_02,ca4d67f,1,hairball.obj,diffuse_1,A,closest_improves_incumbent,34,3,0,334,209,0,125,0.625749,209,0,125,0.625749,209,0,125,0.625749,125,0,209,0.374251,154,0,180,0.461078,0,334,0,,209,0,125,0.625749,0,334,0,,0,334,0,,0,334,0,,209,0,125,0.625749,0,334,0,,S-measured
e2e4_2026_09_02,ca4d67f,1,hairball.obj,diffuse_1,A,closest_improves_incumbent,34,4,0,292,158,0,134,0.541096,158,0,134,0.541096,158,0,134,0.541096,138,0,154,0.472603,165,0,127,0.565068,0,292,0,,158,0,134,0.541096,0,292,0,,0,292,0,,0,292,0,,158,0,134,0.541096,0,292,0,,S-measured
e2e4_2026_09_02,ca4d67f,1,hairball.obj,diffuse_1,A,closest_improves_incumbent,34,5,0,219,95,0,124,0.433790,95,0,124,0.433790,95,0,124,0.433790,114,0,105,0.520548,116,0,103,0.529680,29,157,33,0.467742,95,0,124,0.433790,29,157,33,0.467742,29,157,33,0.467742,29,157,33,0.467742,95,0,124,0.433790,29,157,33,0.467742,S-measured
e2e4_2026_09_02,ca4d67f,1,hairball.obj,diffuse_1,A,closest_improves_incumbent,34,6,0,351,199,0,152,0.566952,199,0,152,0.566952,199,0,152,0.566952,182,0,169,0.518519,197,0,154,0.561254,108,178,65,0.624277,199,0,152,0.566952,108,178,65,0.624277,108,178,65,0.624277,108,178,65,0.624277,199,0,152,0.566952,108,178,65,0.624277,S-measured
e2e4_2026_09_02,ca4d67f,1,hairball.obj,diffuse_1,A,closest_improves_incumbent,34,7,0,440,248,0,192,0.563636,245,0,195,0.556818,245,0,195,0.556818,202,0,238,0.459091,228,0,212,0.518182,161,187,92,0.636364,251,0,189,0.570455,161,187,92,0.636364,161,187,92,0.636364,161,187,92,0.636364,245,0,195,0.556818,161,187,92,0.636364,S-measured
e2e4_2026_09_02,ca4d67f,1,hairball.obj,diffuse_1,A,closest_improves_incumbent,34,8,0,423,250,0,173,0.591017,245,0,178,0.579196,238,0,185,0.562648,204,0,219,0.482270,215,0,208,0.508274,164,146,113,0.592058,245,0,178,0.579196,168,146,109,0.606498,168,146,109,0.606498,162,146,115,0.584838,246,0,177,0.581560,163,146,114,0.588448,S-measured
e2e4_2026_09_02,ca4d67f,1,hairball.obj,diffuse_1,A,closest_improves_incumbent,34,9,0,474,256,0,218,0.540084,258,0,216,0.544304,265,0,209,0.559072,222,0,252,0.468354,228,0,246,0.481013,187,141,146,0.561562,259,0,215,0.546414,187,141,146,0.561562,187,141,146,0.561562,189,141,144,0.567568,257,0,217,0.542194,188,141,145,0.564565,S-measured
e2e4_2026_09_02,ca4d67f,1,hairball.obj,diffuse_1,A,closest_improves_incumbent,34,10,0,557,301,0,256,0.540395,303,0,254,0.543986,304,1,252,0.546763,265,0,292,0.475763,262,0,295,0.470377,222,169,166,0.572165,321,0,236,0.576302,219,169,169,0.564433,222,169,166,0.572165,223,169,165,0.574742,303,0,254,0.543986,223,169,165,0.574742,S-measured
e2e4_2026_09_02,ca4d67f,1,hairball.obj,diffuse_1,A,closest_improves_incumbent,34,11,0,536,294,0,242,0.548507,294,0,242,0.548507,284,0,252,0.529851,244,0,292,0.455224,243,0,293,0.453358,252,84,200,0.557522,294,0,242,0.548507,254,84,198,0.561947,253,84,199,0.559735,248,84,204,0.548673,293,0,243,0.546642,249,84,203,0.550885,S-measured
e2e4_2026_09_02,ca4d67f,1,hairball.obj,diffuse_1,A,closest_improves_incumbent,34,12,0,562,329,0,233,0.585409,323,0,239,0.574733,324,5,233,0.581688,290,0,272,0.516014,293,0,269,0.521352,307,34,221,0.581439,324,0,238,0.576512,310,34,218,0.587121,312,34,216,0.590909,307,34,221,0.581439,324,0,238,0.576512,306,34,222,0.579545,S-measured
e2e4_2026_09_02,ca4d67f,1,hairball.obj,diffuse_1,A,closest_improves_incumbent,34,13,0,592,349,0,243,0.589527,345,0,247,0.582770,336,8,248,0.575342,289,0,303,0.488176,284,0,308,0.479730,344,8,240,0.589041,345,0,247,0.582770,347,8,237,0.594178,344,8,240,0.589041,342,8,242,0.585616,347,0,245,0.586149,342,8,242,0.585616,S-measured
e2e4_2026_09_02,ca4d67f,1,hairball.obj,diffuse_1,A,closest_improves_incumbent,34,14,0,533,300,0,233,0.562852,306,0,227,0.574109,312,13,208,0.600000,273,0,260,0.512195,263,0,270,0.493433,303,1,229,0.569549,296,0,237,0.555347,314,1,218,0.590226,305,1,227,0.573308,300,1,232,0.563910,302,0,231,0.566604,295,1,237,0.554511,S-measured
e2e4_2026_09_02,ca4d67f,1,hairball.obj,diffuse_1,A,closest_improves_incumbent,34,15,0,484,288,0,196,0.595041,281,0,203,0.580579,235,37,212,0.525727,216,0,268,0.446281,207,0,277,0.427686,283,0,201,0.584711,277,0,207,0.572314,280,0,204,0.578512,278,0,206,0.574380,282,0,202,0.582645,280,0,204,0.578512,277,0,207,0.572314,S-measured
e2e4_2026_09_02,ca4d67f,1,hairball.obj,diffuse_1,A,closest_improves_incumbent,34,16,0,462,298,0,164,0.645022,296,0,166,0.640693,233,60,169,0.579602,219,0,243,0.474026,211,0,251,0.456710,297,0,165,0.642857,296,0,166,0.640693,296,0,166,0.640693,298,0,164,0.645022,299,0,163,0.647186,294,0,168,0.636364,296,0,166,0.640693,S-measured
e2e4_2026_09_02,ca4d67f,1,hairball.obj,diffuse_1,A,closest_improves_incumbent,34,17,0,538,355,0,183,0.659851,351,0,187,0.652416,270,91,177,0.604027,288,0,250,0.535316,285,0,253,0.529740,350,0,188,0.650558,334,0,204,0.620818,339,0,199,0.630112,341,0,197,0.633829,342,0,196,0.635688,348,0,190,0.646840,334,0,204,0.620818,S-measured
e2e4_2026_09_02,ca4d67f,1,hairball.obj,diffuse_1,A,closest_improves_incumbent,34,18,0,757,465,0,292,0.614267,471,0,286,0.622193,397,132,228,0.635200,437,0,320,0.577279,438,0,319,0.578600,470,0,287,0.620872,468,0,289,0.618230,461,0,296,0.608983,462,0,295,0.610304,477,0,280,0.630119,473,0,284,0.624835,468,0,289,0.618230,S-measured
e2e4_2026_09_02,ca4d67f,1,hairball.obj,diffuse_1,A,closest_improves_incumbent,34,19,0,863,525,0,338,0.608343,517,0,346,0.599073,366,279,218,0.626712,498,0,365,0.577057,506,0,357,0.586327,514,0,349,0.595597,494,0,369,0.572422,514,0,349,0.595597,514,0,349,0.595597,505,0,358,0.585168,512,0,351,0.593279,494,0,369,0.572422,S-measured
e2e4_2026_09_02,ca4d67f,1,hairball.obj,diffuse_1,A,closest_improves_incumbent,34,20,0,838,511,0,327,0.609785,496,0,342,0.591885,263,419,156,0.627685,442,0,396,0.527446,455,0,383,0.542959,485,0,353,0.578759,478,0,360,0.570406,482,0,356,0.575179,477,0,361,0.569212,485,0,353,0.578759,485,0,353,0.578759,478,0,360,0.570406,S-measured
e2e4_2026_09_02,ca4d67f,1,hairball.obj,diffuse_1,A,closest_improves_incumbent,34,21,0,573,321,0,252,0.560209,295,0,278,0.514834,104,402,67,0.608187,317,0,256,0.553229,320,0,253,0.558464,301,0,272,0.525305,314,0,259,0.547993,294,0,279,0.513089,294,0,279,0.513089,311,0,262,0.542757,299,0,274,0.521815,314,0,259,0.547993,S-measured
e2e4_2026_09_02,ca4d67f,1,hairball.obj,diffuse_1,A,closest_improves_incumbent,34,22,0,231,137,0,94,0.593074,134,0,97,0.580087,31,188,12,0.720930,119,0,112,0.515152,115,0,116,0.497835,124,0,107,0.536797,121,0,110,0.523810,125,0,106,0.541126,128,0,103,0.554113,130,0,101,0.562771,127,0,104,0.549784,121,0,110,0.523810,S-measured
e2e4_2026_09_02,ca4d67f,1,hairball.obj,diffuse_1,A,closest_improves_incumbent,34,23,0,55,32,0,23,0.581818,30,0,25,0.545455,5,48,2,0.714286,28,0,27,0.509091,28,0,27,0.509091,30,0,25,0.545455,27,0,28,0.490909,28,0,27,0.509091,30,0,25,0.545455,24,0,31,0.436364,29,0,26,0.527273,27,0,28,0.490909,S-measured
e2e4_2026_09_02,ca4d67f,1,hairball.obj,diffuse_1,A,closest_improves_incumbent,34,24,0,10,2,0,8,0.200000,3,0,7,0.300000,0,10,0,,4,0,6,0.400000,4,0,6,0.400000,3,0,7,0.300000,5,0,5,0.500000,3,0,7,0.300000,3,0,7,0.300000,3,0,7,0.300000,3,0,7,0.300000,5,0,5,0.500000,S-measured
e2e4_2026_09_02,ca4d67f,1,hairball.obj,diffuse_1,B,closest_improves_incumbent,34,0,0,169,107,0,62,0.633136,107,0,62,0.633136,62,0,107,0.366864,62,0,107,0.366864,62,0,107,0.366864,0,169,0,,107,0,62,0.633136,0,169,0,,0,169,0,,0,169,0,,107,0,62,0.633136,0,169,0,,S-measured
e2e4_2026_09_02,ca4d67f,1,hairball.obj,diffuse_1,B,closest_improves_incumbent,34,1,0,221,116,0,105,0.524887,116,0,105,0.524887,116,0,105,0.524887,105,0,116,0.475113,105,0,116,0.475113,0,221,0,,116,0,105,0.524887,0,221,0,,0,221,0,,0,221,0,,116,0,105,0.524887,0,221,0,,S-measured
e2e4_2026_09_02,ca4d67f,1,hairball.obj,diffuse_1,B,closest_improves_incumbent,34,2,0,228,120,0,108,0.526316,122,0,106,0.535088,123,0,105,0.539474,113,0,115,0.495614,113,0,115,0.495614,0,228,0,,122,0,106,0.535088,0,228,0,,0,228,0,,0,228,0,,122,0,106,0.535088,0,228,0,,S-measured
e2e4_2026_09_02,ca4d67f,1,hairball.obj,diffuse_1,B,closest_improves_incumbent,34,3,0,330,218,0,112,0.660606,218,0,112,0.660606,218,0,112,0.660606,112,0,218,0.339394,143,0,187,0.433333,0,330,0,,218,0,112,0.660606,0,330,0,,0,330,0,,0,330,0,,218,0,112,0.660606,0,330,0,,S-measured
e2e4_2026_09_02,ca4d67f,1,hairball.obj,diffuse_1,B,closest_improves_incumbent,34,4,0,299,149,0,150,0.498328,149,0,150,0.498328,149,0,150,0.498328,140,0,159,0.468227,152,0,147,0.508361,0,299,0,,149,0,150,0.498328,0,299,0,,0,299,0,,0,299,0,,149,0,150,0.498328,0,299,0,,S-measured
e2e4_2026_09_02,ca4d67f,1,hairball.obj,diffuse_1,B,closest_improves_incumbent,34,5,0,215,105,0,110,0.488372,105,0,110,0.488372,105,0,110,0.488372,110,0,105,0.511628,114,0,101,0.530233,33,152,30,0.523810,105,0,110,0.488372,33,152,30,0.523810,33,152,30,0.523810,33,152,30,0.523810,105,0,110,0.488372,33,152,30,0.523810,S-measured
e2e4_2026_09_02,ca4d67f,1,hairball.obj,diffuse_1,B,closest_improves_incumbent,34,6,0,342,177,0,165,0.517544,177,0,165,0.517544,177,0,165,0.517544,177,0,165,0.517544,190,0,152,0.555556,87,191,64,0.576159,176,0,166,0.514620,87,191,64,0.576159,87,191,64,0.576159,87,191,64,0.576159,177,0,165,0.517544,86,191,65,0.569536,S-measured
e2e4_2026_09_02,ca4d67f,1,hairball.obj,diffuse_1,B,closest_improves_incumbent,34,7,0,438,260,0,178,0.593607,261,0,177,0.595890,262,0,176,0.598174,211,0,227,0.481735,225,0,213,0.513699,147,196,95,0.607438,252,0,186,0.575342,147,196,95,0.607438,147,196,95,0.607438,147,196,95,0.607438,262,0,176,0.598174,146,196,96,0.603306,S-measured
e2e4_2026_09_02,ca4d67f,1,hairball.obj,diffuse_1,B,closest_improves_incumbent,34,8,0,402,235,0,167,0.584577,234,0,168,0.582090,222,0,180,0.552239,189,0,213,0.470149,194,0,208,0.482587,151,152,99,0.604000,226,0,176,0.562189,153,152,97,0.612000,154,152,96,0.616000,148,152,102,0.592000,233,0,169,0.579602,148,152,102,0.592000,S-measured
e2e4_2026_09_02,ca4d67f,1,hairball.obj,diffuse_1,B,closest_improves_incumbent,34,9,0,500,266,0,234,0.532000,264,0,236,0.528000,265,0,235,0.530000,234,0,266,0.468000,246,0,254,0.492000,189,165,146,0.564179,263,0,237,0.526000,189,165,146,0.564179,189,165,146,0.564179,190,165,145,0.567164,265,0,235,0.530000,186,165,149,0.555224,S-measured
e2e4_2026_09_02,ca4d67f,1,hairball.obj,diffuse_1,B,closest_improves_incumbent,34,10,0,533,276,0,257,0.517824,277,0,256,0.519700,264,0,269,0.495310,260,0,273,0.487805,264,0,269,0.495310,186,190,157,0.542274,267,0,266,0.500938,181,190,162,0.527697,181,190,162,0.527697,191,190,152,0.556851,280,0,253,0.525328,174,190,169,0.507289,S-measured
e2e4_2026_09_02,ca4d67f,1,hairball.obj,diffuse_1,B,closest_improves_incumbent,34,11,0,578,308,0,270,0.532872,304,0,274,0.525952,295,0,283,0.510381,301,0,277,0.520761,295,0,283,0.510381,249,110,219,0.532051,294,0,284,0.508651,250,110,218,0.534188,251,110,217,0.536325,250,110,218,0.534188,302,0,276,0.522491,244,110,224,0.521368,S-measured
e2e4_2026_09_02,ca4d67f,1,hairball.obj,diffuse_1,B,closest_improves_incumbent,34,12,0,561,302,0,259,0.538324,298,0,263,0.531194,295,6,260,0.531532,265,0,296,0.472371,267,0,294,0.475936,278,36,247,0.529524,296,0,265,0.527629,287,36,238,0.546667,280,36,245,0.533333,279,36,246,0.531429,294,0,267,0.524064,282,36,243,0.537143,S-measured
e2e4_2026_09_02,ca4d67f,1,hairball.obj,diffuse_1,B,closest_improves_incumbent,34,13,0,562,325,0,237,0.578292,320,0,242,0.569395,292,6,264,0.525180,280,0,282,0.498221,273,0,289,0.485765,320,11,231,0.580762,329,0,233,0.585409,317,11,234,0.575318,320,11,231,0.580762,329,11,222,0.597096,325,0,237,0.578292,326,11,225,0.591652,S-measured
e2e4_2026_09_02,ca4d67f,1,hairball.obj,diffuse_1,B,closest_improves_incumbent,34,14,0,540,332,0,208,0.614815,331,0,209,0.612963,307,15,218,0.584762,247,0,293,0.457407,248,0,292,0.459259,332,1,207,0.615955,327,0,213,0.605556,331,1,208,0.614100,332,1,207,0.615955,326,1,213,0.604824,327,0,213,0.605556,327,1,212,0.606679,S-measured
e2e4_2026_09_02,ca4d67f,1,hairball.obj,diffuse_1,B,closest_improves_incumbent,34,15,0,482,294,0,188,0.609959,292,0,190,0.605809,246,33,203,0.547884,204,0,278,0.423237,209,0,273,0.433610,289,3,190,0.603340,284,0,198,0.589212,290,3,189,0.605428,294,3,185,0.613779,287,3,192,0.599165,291,0,191,0.603734,283,3,196,0.590814,S-measured
e2e4_2026_09_02,ca4d67f,1,hairball.obj,diffuse_1,B,closest_improves_incumbent,34,16,0,449,288,0,161,0.641425,282,0,167,0.628062,211,61,177,0.543814,219,0,230,0.487751,218,0,231,0.485523,278,0,171,0.619154,287,0,162,0.639198,277,0,172,0.616927,281,0,168,0.625835,283,0,166,0.630290,282,0,167,0.628062,287,0,162,0.639198,S-measured
e2e4_2026_09_02,ca4d67f,1,hairball.obj,diffuse_1,B,closest_improves_incumbent,34,17,0,536,338,0,198,0.630597,343,0,193,0.639925,257,98,181,0.586758,275,0,261,0.513060,268,0,268,0.500000,345,0,191,0.643657,336,0,200,0.626866,341,0,195,0.636194,346,0,190,0.645522,345,0,191,0.643657,347,0,189,0.647388,336,0,200,0.626866,S-measured
e2e4_2026_09_02,ca4d67f,1,hairball.obj,diffuse_1,B,closest_improves_incumbent,34,18,0,707,427,0,280,0.603960,429,0,278,0.606789,336,146,225,0.598930,386,0,321,0.545969,396,0,311,0.560113,408,0,299,0.577086,408,0,299,0.577086,401,0,306,0.567185,404,0,303,0.571429,413,0,294,0.584158,411,0,296,0.581330,408,0,299,0.577086,S-measured
e2e4_2026_09_02,ca4d67f,1,hairball.obj,diffuse_1,B,closest_improves_incumbent,34,19,0,880,561,0,319,0.637500,542,0,338,0.615909,386,283,211,0.646566,520,0,360,0.590909,521,0,359,0.592045,549,0,331,0.623864,509,0,371,0.578409,538,0,342,0.611364,541,0,339,0.614773,526,0,354,0.597727,549,0,331,0.623864,509,0,371,0.578409,S-measured
e2e4_2026_09_02,ca4d67f,1,hairball.obj,diffuse_1,B,closest_improves_incumbent,34,20,0,855,516,0,339,0.603509,501,0,354,0.585965,257,458,140,0.647355,476,0,379,0.556725,497,0,358,0.581287,481,0,374,0.562573,452,0,403,0.528655,493,0,362,0.576608,485,0,370,0.567251,470,0,385,0.549708,478,0,377,0.559064,452,0,403,0.528655,S-measured
e2e4_2026_09_02,ca4d67f,1,hairball.obj,diffuse_1,B,closest_improves_incumbent,34,21,0,552,333,0,219,0.603261,304,0,248,0.550725,105,391,56,0.652174,282,0,270,0.510870,291,0,261,0.527174,297,0,255,0.538043,292,0,260,0.528986,307,0,245,0.556159,304,0,248,0.550725,298,0,254,0.539855,295,0,257,0.534420,292,0,260,0.528986,S-measured
e2e4_2026_09_02,ca4d67f,1,hairball.obj,diffuse_1,B,closest_improves_incumbent,34,22,0,237,124,0,113,0.523207,116,0,121,0.489451,27,196,14,0.658537,127,0,110,0.535865,130,0,107,0.548523,118,0,119,0.497890,128,0,109,0.540084,122,0,115,0.514768,124,0,113,0.523207,116,0,121,0.489451,122,0,115,0.514768,128,0,109,0.540084,S-measured
e2e4_2026_09_02,ca4d67f,1,hairball.obj,diffuse_1,B,closest_improves_incumbent,34,23,0,49,29,0,20,0.591837,24,0,25,0.489796,3,43,3,0.500000,25,0,24,0.510204,27,0,22,0.551020,25,0,24,0.510204,29,0,20,0.591837,25,0,24,0.510204,25,0,24,0.510204,25,0,24,0.510204,26,0,23,0.530612,29,0,20,0.591837,S-measured
e2e4_2026_09_02,ca4d67f,1,hairball.obj,diffuse_1,B,closest_improves_incumbent,34,24,0,8,3,0,5,0.375000,2,0,6,0.250000,0,8,0,,3,0,5,0.375000,4,0,4,0.500000,2,0,6,0.250000,5,0,3,0.625000,2,0,6,0.250000,2,0,6,0.250000,3,0,5,0.375000,3,0,5,0.375000,5,0,3,0.625000,S-measured
e2e4_2026_09_02,ca4d67f,1,hairball.obj,incoherent,A,closest_improves_incumbent,34,0,0,20943,9371,0,11572,0.447453,9371,0,11572,0.447453,11572,0,9371,0.552547,11572,0,9371,0.552547,11572,0,9371,0.552547,0,20943,0,,9371,0,11572,0.447453,0,20943,0,,0,20943,0,,0,20943,0,,9371,0,11572,0.447453,0,20943,0,,S-measured
e2e4_2026_09_02,ca4d67f,1,hairball.obj,incoherent,A,closest_improves_incumbent,34,1,0,19850,9710,0,10140,0.489169,9710,0,10140,0.489169,9710,0,10140,0.489169,10140,0,9710,0.510831,10138,0,9712,0.510730,0,19850,0,,9710,0,10140,0.489169,0,19850,0,,0,19850,0,,0,19850,0,,9710,0,10140,0.489169,0,19850,0,,S-measured
e2e4_2026_09_02,ca4d67f,1,hairball.obj,incoherent,A,closest_improves_incumbent,34,2,0,18441,9466,0,8975,0.513313,9578,0,8863,0.519386,9520,0,8921,0.516241,9292,0,9149,0.503877,9291,0,9150,0.503823,0,18441,0,,9578,0,8863,0.519386,0,18441,0,,0,18441,0,,0,18441,0,,9578,0,8863,0.519386,0,18441,0,,S-measured
e2e4_2026_09_02,ca4d67f,1,hairball.obj,incoherent,A,closest_improves_incumbent,34,3,0,28271,16521,0,11750,0.584380,16521,0,11750,0.584380,16521,0,11750,0.584380,11750,0,16521,0.415620,13484,0,14787,0.476955,0,28271,0,,16521,0,11750,0.584380,0,28271,0,,0,28271,0,,0,28271,0,,16521,0,11750,0.584380,0,28271,0,,S-measured
e2e4_2026_09_02,ca4d67f,1,hairball.obj,incoherent,A,closest_improves_incumbent,34,4,0,28122,16798,0,11324,0.597326,16798,0,11324,0.597326,16798,0,11324,0.597326,12656,0,15466,0.450039,15174,0,12948,0.539578,0,28122,0,,16798,0,11324,0.597326,0,28122,0,,0,28122,0,,0,28122,0,,16798,0,11324,0.597326,0,28122,0,,S-measured
e2e4_2026_09_02,ca4d67f,1,hairball.obj,incoherent,A,closest_improves_incumbent,34,5,0,27165,15991,0,11174,0.588662,15991,0,11174,0.588662,15991,0,11174,0.588662,13386,0,13779,0.492766,14988,0,12177,0.551739,3977,20930,2258,0.637851,15991,0,11174,0.588662,3977,20930,2258,0.637851,3977,20930,2258,0.637851,3977,20930,2258,0.637851,15991,0,11174,0.588662,3977,20930,2258,0.637851,S-measured
e2e4_2026_09_02,ca4d67f,1,hairball.obj,incoherent,A,closest_improves_incumbent,34,6,0,33512,20287,0,13225,0.605365,20288,0,13224,0.605395,20288,0,13224,0.605395,15425,0,18087,0.460283,16875,0,16637,0.503551,10536,17195,5781,0.645707,20163,0,13349,0.601665,10536,17195,5781,0.645707,10536,17195,5781,0.645707,10536,17195,5781,0.645707,20288,0,13224,0.605395,10411,17195,5906,0.638046,S-measured
e2e4_2026_09_02,ca4d67f,1,hairball.obj,incoherent,A,closest_improves_incumbent,34,7,0,39240,23136,0,16104,0.589602,23114,0,16126,0.589042,23132,0,16108,0.589501,18086,0,21154,0.460907,19105,0,20135,0.486876,13365,18100,7775,0.632214,23000,0,16240,0.586137,13365,18100,7775,0.632214,13365,18100,7775,0.632214,13365,18100,7775,0.632214,23136,0,16104,0.589602,13341,18100,7799,0.631079,S-measured
e2e4_2026_09_02,ca4d67f,1,hairball.obj,incoherent,A,closest_improves_incumbent,34,8,0,40926,22577,0,18349,0.551654,22558,0,18368,0.551190,22583,0,18343,0.551801,19551,0,21375,0.477716,20130,0,20796,0.491863,13022,18585,9319,0.582875,22435,0,18491,0.548185,13044,18585,9297,0.583859,13015,18585,9326,0.582561,12962,18585,9379,0.580189,22596,0,18330,0.552118,12941,18585,9400,0.579249,S-measured
e2e4_2026_09_02,ca4d67f,1,hairball.obj,incoherent,A,closest_improves_incumbent,34,9,0,44571,24759,0,19812,0.555496,24732,0,19839,0.554890,24587,0,19984,0.551637,21303,0,23268,0.477957,21752,0,22819,0.488030,14260,20426,9885,0.590598,24763,0,19808,0.555585,14236,20426,9909,0.589604,14234,20426,9911,0.589522,14263,20426,9882,0.590723,24775,0,19796,0.555855,14172,20426,9973,0.586954,S-measured
e2e4_2026_09_02,ca4d67f,1,hairball.obj,incoherent,A,closest_improves_incumbent,34,10,0,49848,27350,0,22498,0.548668,27275,0,22573,0.547163,26844,151,22853,0.540153,24139,0,25709,0.484252,24406,0,25442,0.489608,17346,19325,13177,0.568293,27237,0,22611,0.546401,17355,19325,13168,0.568588,17367,19325,13156,0.568981,17316,19325,13207,0.567310,27282,0,22566,0.547304,17274,19325,13249,0.565934,S-measured
e2e4_2026_09_02,ca4d67f,1,hairball.obj,incoherent,A,closest_improves_incumbent,34,11,0,51169,28605,0,22564,0.559030,28584,0,22585,0.558619,27983,179,23007,0.548794,25200,0,25969,0.492486,25392,0,25777,0.496238,21322,13686,16161,0.568845,28518,0,22651,0.557330,21355,13686,16128,0.569725,21330,13686,16153,0.569058,21311,13686,16172,0.568551,28547,0,22622,0.557896,21306,13686,16177,0.568418,S-measured
e2e4_2026_09_02,ca4d67f,1,hairball.obj,incoherent,A,closest_improves_incumbent,34,12,0,53163,29998,0,23165,0.564265,29861,0,23302,0.561688,28969,312,23882,0.548126,25880,0,27283,0.486805,26009,0,27154,0.489231,25718,8120,19325,0.570966,29752,0,23411,0.559637,25704,8120,19339,0.570655,25706,8120,19337,0.570699,25754,8120,19289,0.571765,29883,0,23280,0.562101,25535,8120,19508,0.566903,S-measured
e2e4_2026_09_02,ca4d67f,1,hairball.obj,incoherent,A,closest_improves_incumbent,34,13,0,54090,31280,0,22810,0.578295,31192,0,22898,0.576669,29569,555,23966,0.552330,25703,0,28387,0.475189,25824,0,28266,0.477427,29035,3854,21201,0.577972,31021,0,23069,0.573507,29097,3854,21139,0.579206,29073,3854,21163,0.578728,29035,3854,21201,0.577972,31113,0,22977,0.575208,28930,3854,21306,0.575882,S-measured
e2e4_2026_09_02,ca4d67f,1,hairball.obj,incoherent,A,closest_improves_incumbent,34,14,0,49344,28995,0,20349,0.587609,28837,0,20507,0.584407,26641,1367,21336,0.555287,23669,0,25675,0.479673,23581,0,25763,0.477890,27858,1983,19503,0.588205,28727,0,20617,0.582178,27730,1983,19631,0.585503,27785,1983,19576,0.586664,27782,1983,19579,0.586601,28842,0,20502,0.584509,27706,1983,19655,0.584996,S-measured
e2e4_2026_09_02,ca4d67f,1,hairball.obj,incoherent,A,closest_improves_incumbent,34,15,0,45197,26871,0,18326,0.594531,26862,0,18335,0.594331,23544,2720,18933,0.554276,21217,1,23979,0.469444,21267,1,23929,0.470550,26434,665,18098,0.593596,26711,0,18486,0.590991,26427,665,18105,0.593438,26418,665,18114,0.593236,26415,665,18117,0.593169,26772,0,18425,0.592340,26343,665,18189,0.591552,S-measured
e2e4_2026_09_02,ca4d67f,1,hairball.obj,incoherent,A,closest_improves_incumbent,34,16,0,44231,27152,0,17079,0.613868,27068,0,17163,0.611969,22282,4996,16953,0.567911,21411,0,22820,0.484072,21369,0,22862,0.483123,26906,241,17084,0.611639,26685,0,17546,0.603310,26802,241,17188,0.609275,26899,241,17091,0.611480,26795,241,17195,0.609116,27005,0,17226,0.610545,26561,241,17429,0.603796,S-measured
e2e4_2026_09_02,ca4d67f,1,hairball.obj,incoherent,A,closest_improves_incumbent,34,17,0,52290,32625,0,19665,0.623924,32427,0,19863,0.620138,26060,8384,17846,0.593541,27542,3,24745,0.526747,27650,3,24637,0.528812,32248,62,19980,0.617447,31648,0,20642,0.605240,31965,62,20263,0.612028,32131,62,20097,0.615206,32169,62,20059,0.615934,32399,0,19891,0.619602,31617,62,20611,0.605365,S-measured
e2e4_2026_09_02,ca4d67f,1,hairball.obj,incoherent,A,closest_improves_incumbent,34,18,0,69046,42838,0,26208,0.620427,42179,0,26867,0.610883,34353,13323,21370,0.616496,38984,6,30056,0.564658,39426,6,29614,0.571060,41918,6,27122,0.607155,41195,0,27851,0.596631,41298,6,27742,0.598175,41606,6,27434,0.602636,41918,6,27122,0.607155,42066,0,26980,0.609246,41193,6,27847,0.596654,S-measured
e2e4_2026_09_02,ca4d67f,1,hairball.obj,incoherent,A,closest_improves_incumbent,34,19,0,83787,51450,0,32337,0.614057,49710,0,34077,0.593290,36035,26056,21696,0.624188,47831,4,35952,0.570891,48624,4,35159,0.580356,49256,2,34529,0.587886,48262,0,35525,0.576008,48640,2,35145,0.580534,48923,2,34862,0.583911,49370,2,34415,0.589246,49352,0,34435,0.589017,48261,2,35524,0.576010,S-measured
e2e4_2026_09_02,ca4d67f,1,hairball.obj,incoherent,A,closest_improves_incumbent,34,20,0,82433,49271,0,33162,0.597710,47248,0,35185,0.573169,26373,40565,15495,0.629908,45878,2,36553,0.556562,46637,2,35794,0.565770,46860,0,35573,0.568462,45785,0,36648,0.555421,46159,0,36274,0.559958,46423,0,36010,0.563160,46795,0,35638,0.567673,46978,0,35455,0.569893,45785,0,36648,0.555421,S-measured
e2e4_2026_09_02,ca4d67f,1,hairball.obj,incoherent,A,closest_improves_incumbent,34,21,0,58683,34637,0,24046,0.590239,32923,0,25760,0.561031,12902,38683,7098,0.645100,31929,2,26752,0.544111,32447,2,26234,0.552939,32738,0,25945,0.557879,31982,0,26701,0.544996,32306,0,26377,0.550517,32456,0,26227,0.553073,32643,0,26040,0.556260,32695,0,25988,0.557146,31982,0,26701,0.544996,S-measured
e2e4_2026_09_02,ca4d67f,1,hairball.obj,incoherent,A,closest_improves_incumbent,34,22,0,27460,15750,0,11710,0.573562,15033,0,12427,0.547451,4266,20916,2278,0.651895,14569,0,12891,0.530554,14777,0,12683,0.538128,14932,0,12528,0.543773,14585,0,12875,0.531136,14798,0,12662,0.538893,14884,0,12576,0.542025,14922,0,12538,0.543409,14943,0,12517,0.544173,14585,0,12875,0.531136,S-measured
e2e4_2026_09_02,ca4d67f,1,hairball.obj,incoherent,A,closest_improves_incumbent,34,23,0,8676,4963,0,3713,0.572038,4709,0,3967,0.542762,1109,7012,555,0.666466,4643,1,4032,0.535216,4712,1,3963,0.543170,4736,0,3940,0.545874,4661,0,4015,0.537229,4647,0,4029,0.535615,4683,0,3993,0.539765,4725,0,3951,0.544606,4732,0,3944,0.545413,4661,0,4015,0.537229,S-measured
e2e4_2026_09_02,ca4d67f,1,hairball.obj,incoherent,A,closest_improves_incumbent,34,24,0,2030,1179,0,851,0.580788,1143,0,887,0.563054,249,1670,111,0.691667,1062,0,968,0.523153,1079,0,951,0.531527,1105,0,925,0.544335,1076,0,954,0.530049,1117,0,913,0.550246,1127,0,903,0.555172,1098,0,932,0.540887,1100,0,930,0.541872,1076,0,954,0.530049,S-measured
e2e4_2026_09_02,ca4d67f,1,hairball.obj,incoherent,A,closest_improves_incumbent,34,25,0,407,241,0,166,0.592138,234,0,173,0.574939,37,346,24,0.606557,214,0,193,0.525799,211,0,196,0.518428,234,0,173,0.574939,209,0,198,0.513514,230,0,177,0.565111,230,0,177,0.565111,225,0,182,0.552826,231,0,176,0.567568,209,0,198,0.513514,S-measured
e2e4_2026_09_02,ca4d67f,1,hairball.obj,incoherent,A,closest_improves_incumbent,34,26,0,63,45,0,18,0.714286,40,0,23,0.634921,7,50,6,0.538462,36,0,27,0.571429,36,0,27,0.571429,38,0,25,0.603175,39,0,24,0.619048,34,0,29,0.539683,35,0,28,0.555556,41,0,22,0.650794,38,0,25,0.603175,39,0,24,0.619048,S-measured
e2e4_2026_09_02,ca4d67f,1,hairball.obj,incoherent,A,closest_improves_incumbent,34,27,0,14,10,0,4,0.714286,10,0,4,0.714286,3,9,2,0.600000,9,0,5,0.642857,9,0,5,0.642857,10,0,4,0.714286,9,0,5,0.642857,10,0,4,0.714286,10,0,4,0.714286,10,0,4,0.714286,10,0,4,0.714286,9,0,5,0.642857,S-measured
e2e4_2026_09_02,ca4d67f,1,hairball.obj,incoherent,A,closest_improves_incumbent,34,28,0,3,2,0,1,0.666667,2,0,1,0.666667,0,3,0,,2,0,1,0.666667,2,0,1,0.666667,2,0,1,0.666667,2,0,1,0.666667,2,0,1,0.666667,2,0,1,0.666667,3,0,0,1.000000,2,0,1,0.666667,2,0,1,0.666667,S-measured
e2e4_2026_09_02,ca4d67f,1,hairball.obj,incoherent,B,closest_improves_incumbent,34,0,0,21093,9389,0,11704,0.445124,9389,0,11704,0.445124,11704,0,9389,0.554876,11704,0,9389,0.554876,11704,0,9389,0.554876,0,21093,0,,9389,0,11704,0.445124,0,21093,0,,0,21093,0,,0,21093,0,,9389,0,11704,0.445124,0,21093,0,,S-measured
e2e4_2026_09_02,ca4d67f,1,hairball.obj,incoherent,B,closest_improves_incumbent,34,1,0,19677,9642,0,10035,0.490014,9642,0,10035,0.490014,9642,0,10035,0.490014,10035,0,9642,0.509986,10035,0,9642,0.509986,0,19677,0,,9642,0,10035,0.490014,0,19677,0,,0,19677,0,,0,19677,0,,9642,0,10035,0.490014,0,19677,0,,S-measured
e2e4_2026_09_02,ca4d67f,1,hairball.obj,incoherent,B,closest_improves_incumbent,34,2,0,18408,9475,0,8933,0.514722,9613,0,8795,0.522219,9478,0,8930,0.514885,9349,0,9059,0.507877,9349,0,9059,0.507877,0,18408,0,,9613,0,8795,0.522219,0,18408,0,,0,18408,0,,0,18408,0,,9613,0,8795,0.522219,0,18408,0,,S-measured
e2e4_2026_09_02,ca4d67f,1,hairball.obj,incoherent,B,closest_improves_incumbent,34,3,0,28699,16808,0,11891,0.585665,16808,0,11891,0.585665,16808,0,11891,0.585665,11891,0,16808,0.414335,13680,0,15019,0.476672,0,28699,0,,16808,0,11891,0.585665,0,28699,0,,0,28699,0,,0,28699,0,,16808,0,11891,0.585665,0,28699,0,,S-measured
e2e4_2026_09_02,ca4d67f,1,hairball.obj,incoherent,B,closest_improves_incumbent,34,4,0,28197,16711,0,11486,0.592652,16711,0,11486,0.592652,16711,0,11486,0.592652,12783,0,15414,0.453346,15276,0,12921,0.541760,0,28197,0,,16711,0,11486,0.592652,0,28197,0,,0,28197,0,,0,28197,0,,16711,0,11486,0.592652,0,28197,0,,S-measured
e2e4_2026_09_02,ca4d67f,1,hairball.obj,incoherent,B,closest_improves_incumbent,34,5,0,27415,16263,0,11152,0.593215,16263,0,11152,0.593215,16263,0,11152,0.593215,13515,0,13900,0.492978,15133,0,12282,0.551997,4143,21074,2198,0.653367,16263,0,11152,0.593215,4143,21074,2198,0.653367,4143,21074,2198,0.653367,4143,21074,2198,0.653367,16263,0,11152,0.593215,4143,21074,2198,0.653367,S-measured
e2e4_2026_09_02,ca4d67f,1,hairball.obj,incoherent,B,closest_improves_incumbent,34,6,0,33563,20017,0,13546,0.596401,20021,0,13542,0.596520,20021,0,13542,0.596520,15770,0,17793,0.469863,17220,0,16343,0.513065,10546,17129,5888,0.641718,19939,0,13624,0.594077,10546,17129,5888,0.641718,10546,17129,5888,0.641718,10546,17129,5888,0.641718,20021,0,13542,0.596520,10464,17129,5970,0.636729,S-measured
e2e4_2026_09_02,ca4d67f,1,hairball.obj,incoherent,B,closest_improves_incumbent,34,7,0,39292,23225,0,16067,0.591087,23261,0,16031,0.592003,23188,0,16104,0.590146,18248,0,21044,0.464420,19233,0,20059,0.489489,13409,18117,7766,0.633247,23156,0,16136,0.589331,13409,18117,7766,0.633247,13409,18117,7766,0.633247,13409,18117,7766,0.633247,23264,0,16028,0.592080,13377,18117,7798,0.631736,S-measured
e2e4_2026_09_02,ca4d67f,1,hairball.obj,incoherent,B,closest_improves_incumbent,34,8,0,41314,22743,0,18571,0.550491,22667,0,18647,0.548652,22668,0,18646,0.548676,19772,0,21542,0.478579,20332,0,20982,0.492133,12969,19101,9244,0.583847,22691,0,18623,0.549233,12966,19101,9247,0.583712,12957,19101,9256,0.583307,12948,19101,9265,0.582902,22679,0,18635,0.548942,12940,19101,9273,0.582542,S-measured
e2e4_2026_09_02,ca4d67f,1,hairball.obj,incoherent,B,closest_improves_incumbent,34,9,0,44452,24866,0,19586,0.559390,24856,0,19596,0.559165,24549,0,19903,0.552259,20988,0,23464,0.472150,21509,0,22943,0.483870,14448,20147,9857,0.594446,24814,0,19638,0.558220,14445,20147,9860,0.594322,14454,20147,9851,0.594692,14431,20147,9874,0.593746,24816,0,19636,0.558265,14380,20147,9925,0.591648,S-measured
e2e4_2026_09_02,ca4d67f,1,hairball.obj,incoherent,B,closest_improves_incumbent,34,10,0,49776,27421,0,22355,0.550888,27392,0,22384,0.550305,26967,165,22644,0.543569,24249,0,25527,0.487162,24501,0,25275,0.492225,17447,19262,13067,0.571770,27352,0,22424,0.549502,17403,19262,13111,0.570328,17451,19262,13063,0.571901,17411,19262,13103,0.570591,27404,0,22372,0.550546,17362,19262,13152,0.568985,S-measured
e2e4_2026_09_02,ca4d67f,1,hairball.obj,incoherent,B,closest_improves_incumbent,34,11,0,51058,28869,0,22189,0.565416,28874,0,22184,0.565514,28020,173,22865,0.550653,25025,0,26033,0.490129,25201,0,25857,0.493576,21472,13756,15830,0.575626,28551,0,22507,0.559188,21431,13756,15871,0.574527,21440,13756,15862,0.574768,21420,13756,15882,0.574232,28817,0,22241,0.564397,21302,13756,16000,0.571069,S-measured
e2e4_2026_09_02,ca4d67f,1,hairball.obj,incoherent,B,closest_improves_incumbent,34,12,0,52970,29851,0,23119,0.563545,29684,0,23286,0.560393,28764,341,23865,0.546543,25626,0,27344,0.483783,25689,0,27281,0.484973,25525,8102,19343,0.568891,29768,0,23202,0.561978,25474,8102,19394,0.567754,25510,8102,19358,0.568557,25522,8102,19346,0.568824,29707,0,23263,0.560827,25502,8102,19366,0.568378,S-measured
e2e4_2026_09_02,ca4d67f,1,hairball.obj,incoherent,B,closest_improves_incumbent,34,13,0,53878,31043,0,22835,0.576172,30989,0,22889,0.575170,29374,551,23953,0.550828,25925,0,27953,0.481180,25887,0,27991,0.480474,28819,3762,21297,0.575046,30693,0,23185,0.569676,28878,3762,21238,0.576223,28860,3762,21256,0.575864,28786,3762,21330,0.574387,30939,0,22939,0.574242,28673,3762,21443,0.572133,S-measured
e2e4_2026_09_02,ca4d67f,1,hairball.obj,incoherent,B,closest_improves_incumbent,34,14,0,49562,29132,0,20430,0.587789,29056,0,20506,0.586256,26735,1323,21504,0.554220,23535,0,26027,0.474860,23585,0,25977,0.475869,28070,1849,19643,0.588309,28856,0,20706,0.582220,28009,1849,19704,0.587031,28073,1849,19640,0.588372,28002,1849,19711,0.586884,29040,0,20522,0.585933,27884,1849,19829,0.584411,S-measured
e2e4_2026_09_02,ca4d67f,1,hairball.obj,incoherent,B,closest_improves_incumbent,34,15,0,45054,27113,0,17941,0.601789,27114,0,17940,0.601811,23583,2700,18771,0.556807,21156,3,23895,0.469601,21229,3,23822,0.471222,26736,681,17637,0.602529,26901,0,18153,0.597083,26713,681,17660,0.602010,26736,681,17637,0.602529,26669,681,17704,0.601019,27114,0,17940,0.601811,26543,681,17830,0.598179,S-measured
e2e4_2026_09_02,ca4d67f,1,hairball.obj,incoherent,B,closest_improves_incumbent,34,16,0,44154,27204,0,16950,0.616116,27179,0,16975,0.615550,22326,4858,16970,0.568149,21491,4,22659,0.486772,21441,4,22709,0.485640,27014,242,16898,0.615185,26785,0,17369,0.606627,26856,242,17056,0.611587,26957,242,16955,0.613887,26913,242,16999,0.612885,27146,0,17008,0.614803,26652,242,17260,0.606941,S-measured
e2e4_2026_09_02,ca4d67f,1,hairball.obj,incoherent,B,closest_improves_incumbent,34,17,0,52566,32791,0,19775,0.623806,32514,0,20052,0.618537,26301,8268,17997,0.593729,27904,6,24656,0.530898,27944,6,24616,0.531659,32398,65,20103,0.617093,31871,0,20695,0.606304,32180,65,20321,0.612941,32281,65,20220,0.614864,32359,65,20142,0.616350,32515,0,20051,0.618556,31845,65,20656,0.606560,S-measured
e2e4_2026_09_02,ca4d67f,1,hairball.obj,incoherent,B,closest_improves_incumbent,34,18,0,68969,43271,0,25698,0.627398,42434,0,26535,0.615262,34528,13335,21106,0.620628,39172,6,29791,0.568015,39565,6,29398,0.573713,42034,8,26927,0.609533,41116,0,27853,0.596152,41528,8,27433,0.602195,41758,8,27203,0.605531,42092,8,26869,0.610374,42131,0,26838,0.610869,41111,8,27850,0.596149,S-measured
e2e4_2026_09_02,ca4d67f,1,hairball.obj,incoherent,B,closest_improves_incumbent,34,19,0,83396,51304,0,32092,0.615185,49714,0,33682,0.596120,35976,26013,21407,0.626945,47603,2,35791,0.570820,48346,2,35048,0.579730,49294,2,34100,0.591098,48340,0,35056,0.579644,48562,2,34832,0.582320,48886,2,34508,0.586205,49430,2,33964,0.592728,49401,0,33995,0.592367,48339,2,35055,0.579646,S-measured
e2e4_2026_09_02,ca4d67f,1,hairball.obj,incoherent,B,closest_improves_incumbent,34,20,0,82221,49807,0,32414,0.605770,47555,0,34666,0.578380,26686,40333,15202,0.637080,45922,1,36298,0.558526,46763,1,35457,0.568755,47213,0,35008,0.574221,46077,0,36144,0.560404,46533,0,35688,0.565950,46718,0,35503,0.568200,47156,0,35065,0.573527,47242,0,34979,0.574573,46077,0,36144,0.560404,S-measured
e2e4_2026_09_02,ca4d67f,1,hairball.obj,incoherent,B,closest_improves_incumbent,34,21,0,58530,34477,0,24053,0.589048,32592,0,25938,0.556843,12832,38546,7152,0.642114,31716,1,26813,0.541885,32293,1,26236,0.551744,32331,0,26199,0.552383,31655,0,26875,0.540834,31973,0,26557,0.546267,32177,0,26353,0.549752,32437,0,26093,0.554194,32394,0,26136,0.553460,31655,0,26875,0.540834,S-measured
e2e4_2026_09_02,ca4d67f,1,hairball.obj,incoherent,B,closest_improves_incumbent,34,22,0,27699,15824,0,11875,0.571284,15061,0,12638,0.543738,4235,21091,2373,0.640890,14555,0,13144,0.525470,14782,0,12917,0.533665,14970,0,12729,0.540453,14592,0,13107,0.526806,14855,0,12844,0.536301,14869,0,12830,0.536806,14698,0,13001,0.530633,14926,0,12773,0.538864,14592,0,13107,0.526806,S-measured
e2e4_2026_09_02,ca4d67f,1,hairball.obj,incoherent,B,closest_improves_incumbent,34,23,0,8695,5035,0,3660,0.579068,4808,0,3887,0.552961,1077,7038,580,0.649970,4610,0,4085,0.530190,4691,0,4004,0.539505,4779,0,3916,0.549626,4640,0,4055,0.533640,4757,0,3938,0.547096,4740,0,3955,0.545141,4710,0,3985,0.541691,4736,0,3959,0.544681,4640,0,4055,0.533640,S-measured
e2e4_2026_09_02,ca4d67f,1,hairball.obj,incoherent,B,closest_improves_incumbent,34,24,0,2055,1181,0,874,0.574696,1144,0,911,0.556691,256,1670,129,0.664935,1080,0,975,0.525547,1101,0,954,0.535766,1119,0,936,0.544526,1079,0,976,0.525061,1139,0,916,0.554258,1151,0,904,0.560097,1120,0,935,0.545012,1119,0,936,0.544526,1079,0,976,0.525061,S-measured
e2e4_2026_09_02,ca4d67f,1,hairball.obj,incoherent,B,closest_improves_incumbent,34,25,0,425,263,0,162,0.618824,255,0,170,0.600000,58,340,27,0.682353,240,1,184,0.566038,246,1,178,0.580189,252,0,173,0.592941,236,0,189,0.555294,239,0,186,0.562353,247,0,178,0.581176,248,0,177,0.583529,250,0,175,0.588235,236,0,189,0.555294,S-measured
e2e4_2026_09_02,ca4d67f,1,hairball.obj,incoherent,B,closest_improves_incumbent,34,26,0,98,58,0,40,0.591837,48,0,50,0.489796,11,78,9,0.550000,50,0,48,0.510204,51,0,47,0.520408,48,0,50,0.489796,49,0,49,0.500000,48,0,50,0.489796,50,0,48,0.510204,52,0,46,0.530612,50,0,48,0.510204,49,0,49,0.500000,S-measured
e2e4_2026_09_02,ca4d67f,1,hairball.obj,incoherent,B,closest_improves_incumbent,34,27,0,20,14,0,6,0.700000,12,0,8,0.600000,5,13,2,0.714286,13,0,7,0.650000,12,0,8,0.600000,13,0,7,0.650000,13,0,7,0.650000,12,0,8,0.600000,12,0,8,0.600000,14,0,6,0.700000,13,0,7,0.650000,13,0,7,0.650000,S-measured
e2e4_2026_09_02,ca4d67f,1,hairball.obj,incoherent,B,closest_improves_incumbent,34,28,0,9,6,0,3,0.666667,6,0,3,0.666667,2,5,2,0.500000,8,0,1,0.888889,8,0,1,0.888889,6,0,3,0.666667,6,0,3,0.666667,5,0,4,0.555556,6,0,3,0.666667,7,0,2,0.777778,6,0,3,0.666667,6,0,3,0.666667,S-measured
e2e4_2026_09_02,ca4d67f,1,hairball.obj,incoherent,B,closest_improves_incumbent,34,29,0,3,2,0,1,0.666667,2,0,1,0.666667,2,0,1,0.666667,2,0,1,0.666667,2,0,1,0.666667,2,0,1,0.666667,2,0,1,0.666667,2,0,1,0.666667,2,0,1,0.666667,2,0,1,0.666667,2,0,1,0.666667,2,0,1,0.666667,S-measured
e2e4_2026_09_02,ca4d67f,1,hairball.obj,incoherent,B,closest_improves_incumbent,34,30,0,2,1,0,1,0.500000,1,0,1,0.500000,0,2,0,,1,0,1,0.500000,1,0,1,0.500000,1,0,1,0.500000,1,0,1,0.500000,1,0,1,0.500000,1,0,1,0.500000,1,0,1,0.500000,1,0,1,0.500000,1,0,1,0.500000,S-measured
e2e4_2026_09_02,ca4d67f,1,san-miguel.obj,primary,A,closest_improves_incumbent,62,0,0,632,240,0,392,0.379747,240,0,392,0.379747,240,0,392,0.379747,240,0,392,0.379747,240,0,392,0.379747,0,632,0,,240,0,392,0.379747,0,632,0,,0,632,0,,0,632,0,,240,0,392,0.379747,0,632,0,,S-measured
e2e4_2026_09_02,ca4d67f,1,san-miguel.obj,primary,A,closest_improves_incumbent,62,1,0,531,287,0,244,0.540490,287,0,244,0.540490,218,0,313,0.410546,313,0,218,0.589454,313,0,218,0.589454,0,531,0,,287,0,244,0.540490,0,531,0,,0,531,0,,0,531,0,,287,0,244,0.540490,0,531,0,,S-measured
e2e4_2026_09_02,ca4d67f,1,san-miguel.obj,primary,A,closest_improves_incumbent,62,2,0,375,160,0,215,0.426667,160,0,215,0.426667,160,0,215,0.426667,153,0,222,0.408000,160,0,215,0.426667,0,368,7,0.000000,153,0,222,0.408000,0,368,7,0.000000,0,368,7,0.000000,0,368,7,0.000000,153,0,222,0.408000,0,368,7,0.000000,S-measured
e2e4_2026_09_02,ca4d67f,1,san-miguel.obj,primary,A,closest_improves_incumbent,62,3,0,395,159,0,236,0.402532,159,0,236,0.402532,92,0,303,0.232911,304,0,91,0.769620,304,0,91,0.769620,90,22,283,0.241287,110,0,285,0.278481,90,22,283,0.241287,90,22,283,0.241287,90,22,283,0.241287,159,0,236,0.402532,90,22,283,0.241287,S-measured
e2e4_2026_09_02,ca4d67f,1,san-miguel.obj,primary,A,closest_improves_incumbent,62,4,0,229,181,0,48,0.790393,181,0,48,0.790393,48,0,181,0.209607,179,0,50,0.781659,144,0,85,0.628821,162,26,41,0.798030,144,0,85,0.628821,125,26,78,0.615764,162,26,41,0.798030,162,26,41,0.798030,181,0,48,0.790393,125,26,78,0.615764,S-measured
e2e4_2026_09_02,ca4d67f,1,san-miguel.obj,primary,A,closest_improves_incumbent,62,5,0,215,189,0,26,0.879070,189,0,26,0.879070,130,3,82,0.613208,162,3,50,0.764151,162,3,50,0.764151,75,133,7,0.914634,181,0,34,0.841860,75,133,7,0.914634,75,133,7,0.914634,75,133,7,0.914634,189,0,26,0.879070,75,133,7,0.914634,S-measured
e2e4_2026_09_02,ca4d67f,1,san-miguel.obj,primary,A,closest_improves_incumbent,62,6,0,447,192,122,133,0.590769,197,122,128,0.606154,17,123,307,0.052469,138,122,187,0.424615,153,122,172,0.470769,192,216,39,0.831169,192,122,133,0.590769,192,216,39,0.831169,192,216,39,0.831169,193,216,38,0.835498,193,122,132,0.593846,191,216,40,0.826840,S-measured
e2e4_2026_09_02,ca4d67f,1,san-miguel.obj,primary,A,closest_improves_incumbent,62,7,0,417,167,176,74,0.692946,166,176,75,0.688797,61,182,174,0.259574,171,176,70,0.709544,171,176,70,0.709544,170,176,71,0.705394,169,176,72,0.701245,159,176,82,0.659751,167,176,74,0.692946,168,176,73,0.697095,219,176,22,0.908714,169,176,72,0.701245,S-measured
e2e4_2026_09_02,ca4d67f,1,san-miguel.obj,primary,A,closest_improves_incumbent,62,8,0,481,290,11,180,0.617021,290,11,180,0.617021,182,186,113,0.616949,219,11,251,0.465957,219,11,251,0.465957,311,12,158,0.663113,267,57,157,0.629717,232,12,237,0.494670,313,12,156,0.667377,313,12,156,0.667377,292,11,178,0.621277,267,58,156,0.631206,S-measured
e2e4_2026_09_02,ca4d67f,1,san-miguel.obj,primary,A,closest_improves_incumbent,62,9,0,846,446,179,221,0.668666,432,179,235,0.647676,167,520,159,0.512270,423,185,238,0.639939,423,185,238,0.639939,446,179,221,0.668666,267,312,267,0.500000,390,179,277,0.584708,442,179,225,0.662669,438,179,229,0.656672,444,179,223,0.665667,267,312,267,0.500000,S-measured
e2e4_2026_09_02,ca4d67f,1,san-miguel.obj,primary,A,closest_improves_incumbent,62,10,0,602,215,299,88,0.709571,205,298,99,0.674342,59,443,100,0.371069,174,351,77,0.693227,179,339,84,0.680608,197,311,94,0.676976,183,312,107,0.631034,213,299,90,0.702970,202,299,101,0.666667,200,299,103,0.660066,205,299,98,0.676568,183,312,107,0.631034,S-measured
e2e4_2026_09_02,ca4d67f,1,san-miguel.obj,primary,A,closest_improves_incumbent,62,11,0,408,298,1,109,0.732187,298,0,110,0.730392,198,87,123,0.616822,239,41,128,0.651226,239,41,128,0.651226,295,0,113,0.723039,207,24,177,0.539062,252,0,156,0.617647,292,0,116,0.715686,295,0,113,0.723039,296,0,112,0.725490,207,24,177,0.539062,S-measured
e2e4_2026_09_02,ca4d67f,1,san-miguel.obj,primary,A,closest_improves_incumbent,62,12,0,313,218,2,93,0.700965,219,2,92,0.704180,64,164,85,0.429530,99,10,204,0.326733,99,10,204,0.326733,209,2,102,0.672026,192,6,115,0.625407,196,2,115,0.630225,202,2,109,0.649518,215,2,96,0.691318,219,2,92,0.704180,192,6,115,0.625407,S-measured
e2e4_2026_09_02,ca4d67f,1,san-miguel.obj,primary,A,closest_improves_incumbent,62,13,0,77,32,14,31,0.507937,31,14,32,0.492063,13,42,22,0.371429,25,13,39,0.390625,25,13,39,0.390625,31,14,32,0.492063,35,14,28,0.555556,29,14,34,0.460317,32,14,31,0.507937,31,14,32,0.492063,32,14,31,0.507937,35,14,28,0.555556,S-measured
e2e4_2026_09_02,ca4d67f,1,san-miguel.obj,primary,A,closest_improves_incumbent,62,14,0,179,121,0,58,0.675978,122,0,57,0.681564,37,74,68,0.352381,102,1,76,0.573034,103,1,75,0.578652,120,1,58,0.674157,76,1,102,0.426966,120,1,58,0.674157,120,1,58,0.674157,120,1,58,0.674157,120,0,59,0.670391,76,2,101,0.429379,S-measured
e2e4_2026_09_02,ca4d67f,1,san-miguel.obj,primary,A,closest_improves_incumbent,62,15,0,163,91,0,72,0.558282,90,0,73,0.552147,51,59,53,0.490385,76,0,87,0.466258,79,0,84,0.484663,85,0,78,0.521472,84,1,78,0.518519,86,0,77,0.527607,85,0,78,0.521472,85,0,78,0.521472,89,0,74,0.546012,84,1,78,0.518519,S-measured
e2e4_2026_09_02,ca4d67f,1,san-miguel.obj,primary,A,closest_improves_incumbent,62,16,0,111,70,2,39,0.642202,70,2,39,0.642202,42,43,26,0.617647,65,3,43,0.601852,68,3,40,0.629630,68,2,41,0.623853,64,5,42,0.603774,69,4,38,0.644860,68,2,41,0.623853,68,2,41,0.623853,69,2,40,0.633028,64,5,42,0.603774,S-measured
e2e4_2026_09_02,ca4d67f,1,san-miguel.obj,primary,A,closest_improves_incumbent,62,17,0,92,52,4,36,0.590909,53,4,35,0.602273,34,28,30,0.531250,49,5,38,0.563218,48,5,39,0.551724,52,4,36,0.590909,51,5,36,0.586207,52,5,35,0.597701,52,4,36,0.590909,53,4,35,0.602273,52,4,36,0.590909,51,5,36,0.586207,S-measured
e2e4_2026_09_02,ca4d67f,1,san-miguel.obj,primary,A,closest_improves_incumbent,62,18,0,57,27,4,26,0.509434,27,4,26,0.509434,22,16,19,0.536585,27,5,25,0.519231,27,5,25,0.519231,27,4,26,0.509434,30,5,22,0.576923,27,5,25,0.519231,27,4,26,0.509434,27,4,26,0.509434,27,4,26,0.509434,30,5,22,0.576923,S-measured
e2e4_2026_09_02,ca4d67f,1,san-miguel.obj,primary,A,closest_improves_incumbent,62,19,0,65,36,3,26,0.580645,36,3,26,0.580645,5,57,3,0.625000,13,40,12,0.520000,14,40,11,0.560000,36,3,26,0.580645,28,3,34,0.451613,30,3,32,0.483871,31,3,31,0.500000,36,3,26,0.580645,36,3,26,0.580645,28,3,34,0.451613,S-measured
e2e4_2026_09_02,ca4d67f,1,san-miguel.obj,primary,A,closest_improves_incumbent,62,20,0,20,9,3,8,0.529412,10,3,7,0.588235,3,16,1,0.750000,7,5,8,0.466667,7,5,8,0.466667,9,3,8,0.529412,8,4,8,0.500000,8,4,8,0.500000,9,3,8,0.529412,9,3,8,0.529412,8,3,9,0.470588,8,4,8,0.500000,S-measured
e2e4_2026_09_02,ca4d67f,1,san-miguel.obj,primary,A,closest_improves_incumbent,62,21,0,9,5,4,0,1.000000,5,4,0,1.000000,2,7,0,1.000000,2,4,3,0.400000,2,4,3,0.400000,5,4,0,1.000000,4,4,1,0.800000,5,4,0,1.000000,5,4,0,1.000000,5,4,0,1.000000,5,4,0,1.000000,4,4,1,0.800000,S-measured
e2e4_2026_09_02,ca4d67f,1,san-miguel.obj,primary,A,closest_improves_incumbent,62,22,0,5,2,1,2,0.500000,4,1,0,1.000000,1,3,1,0.500000,1,1,3,0.250000,2,1,2,0.500000,3,1,1,0.750000,2,1,2,0.500000,3,1,1,0.750000,3,1,1,0.750000,4,1,0,1.000000,2,1,2,0.500000,2,1,2,0.500000,S-measured
e2e4_2026_09_02,ca4d67f,1,san-miguel.obj,primary,A,closest_improves_incumbent,62,23,0,5,3,0,2,0.600000,3,0,2,0.600000,2,2,1,0.666667,2,1,2,0.500000,1,1,3,0.250000,3,0,2,0.600000,3,2,0,1.000000,3,0,2,0.600000,3,0,2,0.600000,3,0,2,0.600000,3,0,2,0.600000,3,2,0,1.000000,S-measured
e2e4_2026_09_02,ca4d67f,1,san-miguel.obj,primary,A,closest_improves_incumbent,62,24,0,2,0,0,2,0.000000,0,0,2,0.000000,0,2,0,,0,1,1,0.000000,0,1,1,0.000000,0,0,2,0.000000,0,0,2,0.000000,0,0,2,0.000000,0,0,2,0.000000,0,0,2,0.000000,0,0,2,0.000000,0,0,2,0.000000,S-measured
e2e4_2026_09_02,ca4d67f,1,san-miguel.obj,primary,A,closest_improves_incumbent,62,25,0,1,1,0,0,1.000000,1,0,0,1.000000,0,1,0,,0,1,0,,0,1,0,,1,0,0,1.000000,0,1,0,,1,0,0,1.000000,1,0,0,1.000000,1,0,0,1.000000,1,0,0,1.000000,0,1,0,,S-measured
e2e4_2026_09_02,ca4d67f,1,san-miguel.obj,shadow_ao,A,any_occluder_in_range,62,0,0,1167,304,0,863,0.260497,298,0,869,0.255356,298,0,869,0.255356,298,0,869,0.255356,298,0,869,0.255356,0,1167,0,,298,0,869,0.255356,0,1167,0,,0,1167,0,,0,1167,0,,298,0,869,0.255356,0,1167,0,,S-measured
e2e4_2026_09_02,ca4d67f,1,san-miguel.obj,shadow_ao,A,any_occluder_in_range,62,1,0,4557,2532,0,2025,0.555629,2532,0,2025,0.555629,2479,0,2078,0.543998,2078,0,2479,0.456002,2078,0,2479,0.456002,0,4557,0,,2532,0,2025,0.555629,0,4557,0,,0,4557,0,,0,4557,0,,2532,0,2025,0.555629,0,4557,0,,S-measured
e2e4_2026_09_02,ca4d67f,1,san-miguel.obj,shadow_ao,A,any_occluder_in_range,62,2,0,2404,910,0,1494,0.378536,428,0,1976,0.178037,428,0,1976,0.178037,434,0,1970,0.180532,434,0,1970,0.180532,7,2396,1,0.875000,434,0,1970,0.180532,7,2396,1,0.875000,7,2396,1,0.875000,7,2396,1,0.875000,434,0,1970,0.180532,7,2396,1,0.875000,S-measured
e2e4_2026_09_02,ca4d67f,1,san-miguel.obj,shadow_ao,A,any_occluder_in_range,62,3,0,591,375,0,216,0.634518,376,0,215,0.636210,244,0,347,0.412860,214,0,377,0.362098,217,0,374,0.367174,227,23,341,0.399648,228,0,363,0.385787,222,23,346,0.390845,227,23,341,0.399648,227,23,341,0.399648,376,0,215,0.636210,227,23,341,0.399648,S-measured
e2e4_2026_09_02,ca4d67f,1,san-miguel.obj,shadow_ao,A,any_occluder_in_range,62,4,0,1267,757,0,510,0.597474,758,0,509,0.598264,529,0,738,0.417522,247,0,1020,0.194949,246,0,1021,0.194159,598,497,172,0.776623,266,0,1001,0.209945,106,497,664,0.137662,598,497,172,0.776623,598,497,172,0.776623,758,0,509,0.598264,106,497,664,0.137662,S-measured
e2e4_2026_09_02,ca4d67f,1,san-miguel.obj,shadow_ao,A,any_occluder_in_range,62,5,0,751,519,0,232,0.691079,531,0,220,0.707057,373,3,375,0.498663,492,3,256,0.657754,470,3,278,0.628342,380,230,141,0.729367,493,0,258,0.656458,387,230,134,0.742802,387,230,134,0.742802,380,230,141,0.729367,535,0,216,0.712383,385,230,136,0.738964,S-measured
e2e4_2026_09_02,ca4d67f,1,san-miguel.obj,shadow_ao,A,any_occluder_in_range,62,6,0,1816,268,1346,202,0.570213,275,1338,203,0.575314,209,1352,255,0.450431,258,1338,220,0.539749,267,1338,211,0.558577,256,1382,178,0.589862,273,1338,205,0.571130,262,1382,172,0.603687,262,1382,172,0.603687,255,1382,179,0.587558,272,1338,206,0.569038,263,1382,171,0.605991,S-measured
e2e4_2026_09_02,ca4d67f,1,san-miguel.obj,shadow_ao,A,any_occluder_in_range,62,7,0,1003,493,161,349,0.585511,563,161,279,0.668646,374,171,458,0.449519,440,161,402,0.522565,448,161,394,0.532067,565,193,245,0.697531,410,161,432,0.486936,388,193,422,0.479012,437,193,373,0.539506,565,193,245,0.697531,570,161,272,0.676960,398,193,412,0.491358,S-measured
e2e4_2026_09_02,ca4d67f,1,san-miguel.obj,shadow_ao,A,any_occluder_in_range,62,8,0,2735,1197,488,1050,0.532710,1198,488,1049,0.533155,944,1568,223,0.808912,519,488,1728,0.230975,520,488,1727,0.231420,1186,530,1019,0.537868,1680,488,567,0.747664,447,530,1758,0.202721,1039,530,1166,0.471202,1187,530,1018,0.538322,1213,488,1034,0.539831,1651,530,554,0.748753,S-measured
e2e4_2026_09_02,ca4d67f,1,san-miguel.obj,shadow_ao,A,any_occluder_in_range,62,9,0,1895,1073,31,791,0.575644,987,31,877,0.529506,461,820,614,0.428837,1037,33,825,0.556928,1050,33,812,0.563910,696,52,1147,0.377645,756,294,845,0.472205,641,52,1202,0.347802,644,52,1199,0.349430,642,52,1201,0.348345,637,31,1227,0.341738,747,315,833,0.472785,S-measured
e2e4_2026_09_02,ca4d67f,1,san-miguel.obj,shadow_ao,A,any_occluder_in_range,62,10,0,2085,788,1121,176,0.817427,795,1121,169,0.824689,184,1455,446,0.292063,735,1138,212,0.776135,744,1122,219,0.772586,779,1151,155,0.834047,752,1138,195,0.794087,768,1135,182,0.808421,777,1135,173,0.817895,785,1135,165,0.826316,797,1121,167,0.826763,744,1152,189,0.797428,S-measured
e2e4_2026_09_02,ca4d67f,1,san-miguel.obj,shadow_ao,A,any_occluder_in_range,62,11,0,1588,1296,0,292,0.816121,1298,0,290,0.817380,1218,72,298,0.803430,1196,1,391,0.753623,1212,1,375,0.763705,1276,32,280,0.820051,1218,15,355,0.774317,1262,32,294,0.811054,1274,32,282,0.818766,1261,32,295,0.810411,1297,0,291,0.816751,1203,47,338,0.780662,S-measured
e2e4_2026_09_02,ca4d67f,1,san-miguel.obj,shadow_ao,A,any_occluder_in_range,62,12,0,1817,1440,9,368,0.796460,1432,8,377,0.791598,211,1377,229,0.479545,440,9,1368,0.243363,436,9,1372,0.241150,1424,39,354,0.800900,1423,12,382,0.788366,1422,43,352,0.801578,1449,39,329,0.814961,1414,39,364,0.795276,1437,8,372,0.794362,1405,43,369,0.791995,S-measured
e2e4_2026_09_02,ca4d67f,1,san-miguel.obj,shadow_ao,A,any_occluder_in_range,62,13,0,501,289,31,181,0.614894,303,31,167,0.644681,208,108,185,0.529262,256,29,216,0.542373,249,29,223,0.527542,272,49,180,0.601770,251,46,204,0.551648,257,53,191,0.573661,270,49,182,0.597345,276,49,176,0.610619,283,31,187,0.602128,243,64,194,0.556064,S-measured
e2e4_2026_09_02,ca4d67f,1,san-miguel.obj,shadow_ao,A,any_occluder_in_range,62,14,0,498,290,20,188,0.606695,286,14,198,0.590909,199,103,196,0.503797,223,31,244,0.477516,227,31,240,0.486081,263,38,197,0.571739,247,39,212,0.538126,252,48,198,0.560000,258,38,202,0.560870,266,38,194,0.578261,274,20,204,0.573222,239,55,204,0.539503,S-measured
e2e4_2026_09_02,ca4d67f,1,san-miguel.obj,shadow_ao,A,any_occluder_in_range,62,15,0,477,280,19,178,0.611354,282,19,176,0.615721,191,134,152,0.556851,224,26,227,0.496674,218,26,233,0.483370,270,32,175,0.606742,236,30,211,0.527964,251,40,186,0.574371,269,32,176,0.604494,272,32,173,0.611236,280,19,178,0.611354,230,43,204,0.529954,S-measured
e2e4_2026_09_02,ca4d67f,1,san-miguel.obj,shadow_ao,A,any_occluder_in_range,62,16,0,425,238,16,171,0.581907,234,12,179,0.566586,149,116,160,0.482201,201,29,195,0.507576,208,29,188,0.525253,226,21,178,0.559406,179,44,202,0.469816,210,30,185,0.531646,222,21,182,0.549505,222,21,182,0.549505,229,16,180,0.559902,178,49,198,0.473404,S-measured
e2e4_2026_09_02,ca4d67f,1,san-miguel.obj,shadow_ao,A,any_occluder_in_range,62,17,0,415,217,19,179,0.547980,224,18,173,0.564232,134,137,144,0.482014,195,27,193,0.502577,200,27,188,0.515464,209,20,186,0.529114,194,32,189,0.506527,205,30,180,0.532468,211,20,184,0.534177,212,20,183,0.536709,213,19,183,0.537879,194,33,188,0.507853,S-measured
e2e4_2026_09_02,ca4d67f,1,san-miguel.obj,shadow_ao,A,any_occluder_in_range,62,18,0,427,228,23,176,0.564356,226,22,179,0.558025,124,158,145,0.460967,186,36,205,0.475703,186,36,205,0.475703,228,26,173,0.568579,192,42,193,0.498701,216,34,177,0.549618,230,26,171,0.573566,238,26,163,0.593516,226,23,178,0.559406,192,44,191,0.501305,S-measured
e2e4_2026_09_02,ca4d67f,1,san-miguel.obj,shadow_ao,A,any_occluder_in_range,62,19,0,451,236,49,166,0.587065,229,48,174,0.568238,116,235,100,0.537037,169,81,201,0.456757,174,81,196,0.470270,236,49,166,0.587065,198,68,185,0.516971,232,54,165,0.584383,239,49,163,0.594527,233,49,169,0.579602,240,49,162,0.597015,198,68,185,0.516971,S-measured
e2e4_2026_09_02,ca4d67f,1,san-miguel.obj,shadow_ao,A,any_occluder_in_range,62,20,0,372,195,42,135,0.590909,198,42,132,0.600000,84,210,78,0.518519,150,66,156,0.490196,153,66,153,0.500000,195,43,134,0.592705,152,55,165,0.479495,186,50,136,0.577640,193,43,136,0.586626,193,43,136,0.586626,190,42,140,0.575758,151,56,165,0.477848,S-measured
e2e4_2026_09_02,ca4d67f,1,san-miguel.obj,shadow_ao,A,any_occluder_in_range,62,21,0,274,127,33,114,0.526971,126,33,115,0.522822,65,161,48,0.575221,118,51,105,0.529148,116,51,107,0.520179,129,33,112,0.535270,128,44,102,0.556522,135,33,106,0.560166,134,33,107,0.556017,122,33,119,0.506224,127,33,114,0.526971,128,44,102,0.556522,S-measured
e2e4_2026_09_02,ca4d67f,1,san-miguel.obj,shadow_ao,A,any_occluder_in_range,62,22,0,193,94,20,79,0.543353,98,20,75,0.566474,34,129,30,0.531250,87,37,69,0.557692,88,37,68,0.564103,90,20,83,0.520231,84,34,75,0.528302,83,20,90,0.479769,93,20,80,0.537572,91,20,82,0.526012,88,20,85,0.508671,84,34,75,0.528302,S-measured
e2e4_2026_09_02,ca4d67f,1,san-miguel.obj,shadow_ao,A,any_occluder_in_range,62,23,0,116,57,7,52,0.522936,62,7,47,0.568807,19,88,9,0.678571,50,19,47,0.515464,50,19,47,0.515464,61,7,48,0.559633,48,12,56,0.461538,60,7,49,0.550459,60,7,49,0.550459,62,7,47,0.568807,59,7,50,0.541284,48,12,56,0.461538,S-measured
e2e4_2026_09_02,ca4d67f,1,san-miguel.obj,shadow_ao,A,any_occluder_in_range,62,24,0,83,46,5,32,0.589744,51,5,27,0.653846,9,67,7,0.562500,37,15,31,0.544118,39,15,29,0.573529,46,5,32,0.589744,36,8,39,0.480000,41,5,37,0.525641,42,5,36,0.538462,46,5,32,0.589744,44,5,34,0.564103,36,8,39,0.480000,S-measured
e2e4_2026_09_02,ca4d67f,1,san-miguel.obj,shadow_ao,A,any_occluder_in_range,62,25,0,29,15,1,13,0.535714,12,1,16,0.428571,1,25,3,0.250000,15,2,12,0.555556,16,2,11,0.592593,16,1,12,0.571429,17,2,10,0.629630,17,1,11,0.607143,16,1,12,0.571429,15,1,13,0.535714,15,1,13,0.535714,17,2,10,0.629630,S-measured
e2e4_2026_09_02,ca4d67f,1,san-miguel.obj,shadow_ao,A,any_occluder_in_range,62,26,0,7,2,2,3,0.400000,2,2,3,0.400000,0,7,0,,2,2,3,0.400000,2,2,3,0.400000,2,2,3,0.400000,0,3,4,0.000000,2,2,3,0.400000,2,2,3,0.400000,2,2,3,0.400000,2,2,3,0.400000,0,3,4,0.000000,S-measured
e2e4_2026_09_02,ca4d67f,1,san-miguel.obj,shadow_ao,A,any_occluder_in_range,62,27,0,2,1,0,1,0.500000,1,0,1,0.500000,0,2,0,,2,0,0,1.000000,2,0,0,1.000000,2,0,0,1.000000,2,0,0,1.000000,2,0,0,1.000000,2,0,0,1.000000,1,0,1,0.500000,2,0,0,1.000000,2,0,0,1.000000,S-measured
e2e4_2026_09_02,ca4d67f,1,san-miguel.obj,shadow_ao,B,any_occluder_in_range,62,0,0,1146,323,0,823,0.281850,319,0,827,0.278360,319,0,827,0.278360,319,0,827,0.278360,319,0,827,0.278360,0,1146,0,,319,0,827,0.278360,0,1146,0,,0,1146,0,,0,1146,0,,319,0,827,0.278360,0,1146,0,,S-measured
e2e4_2026_09_02,ca4d67f,1,san-miguel.obj,shadow_ao,B,any_occluder_in_range,62,1,0,4387,2420,0,1967,0.551630,2420,0,1967,0.551630,2385,0,2002,0.543652,2002,0,2385,0.456348,2002,0,2385,0.456348,0,4387,0,,2420,0,1967,0.551630,0,4387,0,,0,4387,0,,0,4387,0,,2420,0,1967,0.551630,0,4387,0,,S-measured
e2e4_2026_09_02,ca4d67f,1,san-miguel.obj,shadow_ao,B,any_occluder_in_range,62,2,0,2337,889,0,1448,0.380402,431,0,1906,0.184424,431,0,1906,0.184424,440,0,1897,0.188276,436,0,1901,0.186564,9,2328,0,1.000000,440,0,1897,0.188276,9,2328,0,1.000000,9,2328,0,1.000000,9,2328,0,1.000000,440,0,1897,0.188276,9,2328,0,1.000000,S-measured
e2e4_2026_09_02,ca4d67f,1,san-miguel.obj,shadow_ao,B,any_occluder_in_range,62,3,0,593,369,0,224,0.622260,369,0,224,0.622260,244,0,349,0.411467,224,0,369,0.377740,228,0,365,0.384486,227,28,338,0.401770,230,0,363,0.387858,219,28,346,0.387611,227,28,338,0.401770,227,28,338,0.401770,369,0,224,0.622260,227,28,338,0.401770,S-measured
e2e4_2026_09_02,ca4d67f,1,san-miguel.obj,shadow_ao,B,any_occluder_in_range,62,4,0,1277,782,0,495,0.612373,785,0,492,0.614722,502,0,775,0.393109,260,0,1017,0.203602,259,0,1018,0.202819,639,486,152,0.807838,268,0,1009,0.209867,122,486,669,0.154235,639,486,152,0.807838,639,486,152,0.807838,785,0,492,0.614722,122,486,669,0.154235,S-measured
e2e4_2026_09_02,ca4d67f,1,san-miguel.obj,shadow_ao,B,any_occluder_in_range,62,5,0,699,464,0,235,0.663805,459,0,240,0.656652,360,3,336,0.517241,428,3,268,0.614943,417,3,279,0.599138,336,187,176,0.656250,427,0,272,0.610873,343,187,169,0.669922,343,187,169,0.669922,336,187,176,0.656250,467,0,232,0.668097,342,187,170,0.667969,S-measured
e2e4_2026_09_02,ca4d67f,1,san-miguel.obj,shadow_ao,B,any_occluder_in_range,62,6,0,1786,255,1338,193,0.569196,256,1330,200,0.561404,207,1343,236,0.467269,248,1330,208,0.543860,253,1330,203,0.554825,237,1366,183,0.564286,249,1330,207,0.546053,237,1366,183,0.564286,238,1366,182,0.566667,237,1366,183,0.564286,247,1330,209,0.541667,240,1366,180,0.571429,S-measured
e2e4_2026_09_02,ca4d67f,1,san-miguel.obj,shadow_ao,B,any_occluder_in_range,62,7,0,977,495,151,331,0.599274,546,151,280,0.661017,365,168,444,0.451174,426,151,400,0.515738,432,151,394,0.523002,547,182,248,0.688050,420,151,406,0.508475,395,182,400,0.496855,450,182,345,0.566038,543,182,252,0.683019,556,151,270,0.673123,409,182,386,0.514465,S-measured
e2e4_2026_09_02,ca4d67f,1,san-miguel.obj,shadow_ao,B,any_occluder_in_range,62,8,0,2727,1190,519,1018,0.538949,1200,519,1008,0.543478,945,1582,200,0.825328,513,519,1695,0.232337,514,519,1694,0.232790,1187,563,977,0.548521,1650,522,555,0.748299,425,563,1739,0.196396,1033,563,1131,0.477357,1185,563,979,0.547597,1218,519,990,0.551630,1620,566,541,0.749653,S-measured
e2e4_2026_09_02,ca4d67f,1,san-miguel.obj,shadow_ao,B,any_occluder_in_range,62,9,0,1868,1021,22,825,0.553088,958,22,888,0.518960,441,807,620,0.415646,1029,30,809,0.559848,1039,30,799,0.565288,665,41,1162,0.363985,718,275,875,0.450722,619,41,1208,0.338807,620,41,1207,0.339354,613,41,1214,0.335523,621,22,1225,0.336403,707,294,867,0.449174,S-measured
e2e4_2026_09_02,ca4d67f,1,san-miguel.obj,shadow_ao,B,any_occluder_in_range,62,10,0,2076,783,1089,204,0.793313,787,1089,200,0.797366,214,1412,450,0.322289,716,1115,245,0.745057,729,1093,254,0.741607,767,1128,181,0.809072,747,1112,217,0.774896,755,1106,215,0.778351,765,1106,205,0.788660,774,1106,196,0.797938,782,1089,205,0.792300,740,1129,207,0.781415,S-measured
e2e4_2026_09_02,ca4d67f,1,san-miguel.obj,shadow_ao,B,any_occluder_in_range,62,11,0,1509,1197,0,312,0.793241,1195,0,314,0.791915,1120,77,312,0.782123,1122,0,387,0.743539,1115,0,394,0.738900,1178,33,298,0.798103,1137,23,349,0.765141,1166,33,310,0.789973,1176,33,300,0.796748,1165,33,311,0.789295,1197,0,312,0.793241,1122,56,331,0.772195,S-measured
e2e4_2026_09_02,ca4d67f,1,san-miguel.obj,shadow_ao,B,any_occluder_in_range,62,12,0,1707,1385,6,316,0.814227,1380,6,321,0.811287,209,1292,206,0.503614,373,8,1326,0.219541,377,8,1322,0.221895,1374,35,298,0.821770,1364,14,329,0.805670,1372,41,294,0.823529,1396,35,276,0.834928,1367,35,305,0.817584,1386,6,315,0.814815,1350,43,314,0.811298,S-measured
e2e4_2026_09_02,ca4d67f,1,san-miguel.obj,shadow_ao,B,any_occluder_in_range,62,13,0,467,233,34,200,0.538106,237,34,196,0.547344,175,111,181,0.491573,206,32,229,0.473563,211,32,224,0.485057,232,50,185,0.556355,223,44,200,0.527187,224,53,190,0.541063,229,50,188,0.549161,230,50,187,0.551559,240,34,193,0.554273,215,60,192,0.528256,S-measured
e2e4_2026_09_02,ca4d67f,1,san-miguel.obj,shadow_ao,B,any_occluder_in_range,62,14,0,464,253,24,187,0.575000,262,18,184,0.587444,182,102,180,0.502762,197,30,237,0.453917,205,30,229,0.472350,248,39,177,0.583529,229,40,195,0.540094,217,52,195,0.526699,242,39,183,0.569412,246,39,179,0.578824,258,24,182,0.586364,225,53,186,0.547445,S-measured
e2e4_2026_09_02,ca4d67f,1,san-miguel.obj,shadow_ao,B,any_occluder_in_range,62,15,0,499,290,14,195,0.597938,292,14,193,0.602062,198,150,151,0.567335,222,17,260,0.460581,230,17,252,0.477178,274,20,205,0.572025,259,24,216,0.545263,262,27,210,0.555085,273,20,206,0.569937,274,20,205,0.572025,287,14,198,0.591753,253,30,216,0.539446,S-measured
e2e4_2026_09_02,ca4d67f,1,san-miguel.obj,shadow_ao,B,any_occluder_in_range,62,16,0,450,273,9,168,0.619048,266,9,175,0.603175,185,106,159,0.537791,210,23,217,0.491803,216,23,211,0.505855,263,14,173,0.603211,227,34,189,0.545673,252,20,178,0.586047,263,14,173,0.603211,256,14,180,0.587156,269,10,171,0.611364,225,38,187,0.546117,S-measured
e2e4_2026_09_02,ca4d67f,1,san-miguel.obj,shadow_ao,B,any_occluder_in_range,62,17,0,455,248,20,187,0.570115,248,20,187,0.570115,173,147,135,0.561688,213,33,209,0.504739,207,33,215,0.490521,250,20,185,0.574713,214,31,210,0.504717,244,29,182,0.572770,250,20,185,0.574713,251,20,184,0.577011,255,20,180,0.586207,214,31,210,0.504717,S-measured
e2e4_2026_09_02,ca4d67f,1,san-miguel.obj,shadow_ao,B,any_occluder_in_range,62,18,0,414,222,15,177,0.556391,216,14,184,0.540000,124,155,135,0.478764,200,27,187,0.516796,195,27,192,0.503876,219,15,180,0.548872,193,29,192,0.501299,198,23,193,0.506394,213,15,186,0.533835,221,15,178,0.553885,217,15,182,0.543860,193,29,192,0.501299,S-measured
e2e4_2026_09_02,ca4d67f,1,san-miguel.obj,shadow_ao,B,any_occluder_in_range,62,19,0,459,246,47,166,0.597087,247,47,165,0.599515,112,241,106,0.513761,199,77,183,0.520942,200,77,182,0.523560,240,47,172,0.582524,197,63,199,0.497475,236,52,171,0.579853,241,47,171,0.584951,244,47,168,0.592233,239,47,173,0.580097,197,63,199,0.497475,S-measured
e2e4_2026_09_02,ca4d67f,1,san-miguel.obj,shadow_ao,B,any_occluder_in_range,62,20,0,375,191,40,144,0.570149,188,40,147,0.561194,76,229,70,0.520548,150,75,150,0.500000,149,75,151,0.496667,200,41,134,0.598802,164,69,142,0.535948,197,49,129,0.604294,199,41,135,0.595808,195,41,139,0.583832,199,40,136,0.594030,164,69,142,0.535948,S-measured
e2e4_2026_09_02,ca4d67f,1,san-miguel.obj,shadow_ao,B,any_occluder_in_range,62,21,0,267,131,36,100,0.567100,124,36,107,0.536797,40,182,45,0.470588,97,67,103,0.485000,98,67,102,0.490000,130,36,101,0.562771,114,50,103,0.525346,128,36,103,0.554113,131,36,100,0.567100,126,36,105,0.545455,130,36,101,0.562771,114,50,103,0.525346,S-measured
e2e4_2026_09_02,ca4d67f,1,san-miguel.obj,shadow_ao,B,any_occluder_in_range,62,22,0,168,86,20,62,0.581081,88,20,60,0.594595,32,106,30,0.516129,75,29,64,0.539568,83,29,56,0.597122,85,20,63,0.574324,82,28,58,0.585714,79,20,69,0.533784,83,20,65,0.560811,81,20,67,0.547297,87,20,61,0.587838,82,28,58,0.585714,S-measured
e2e4_2026_09_02,ca4d67f,1,san-miguel.obj,shadow_ao,B,any_occluder_in_range,62,23,0,115,69,5,41,0.627273,71,5,39,0.645455,21,80,14,0.600000,47,14,54,0.465347,49,14,52,0.485149,69,5,41,0.627273,65,9,41,0.613208,63,5,47,0.572727,66,5,44,0.600000,72,5,38,0.654545,66,5,44,0.600000,65,9,41,0.613208,S-measured
e2e4_2026_09_02,ca4d67f,1,san-miguel.obj,shadow_ao,B,any_occluder_in_range,62,24,0,71,35,5,31,0.530303,34,5,32,0.515152,7,58,6,0.538462,27,12,32,0.457627,25,12,34,0.423729,32,5,34,0.484848,27,9,35,0.435484,33,5,33,0.500000,31,5,35,0.469697,31,5,35,0.469697,33,5,33,0.500000,27,9,35,0.435484,S-measured
e2e4_2026_09_02,ca4d67f,1,san-miguel.obj,shadow_ao,B,any_occluder_in_range,62,25,0,24,13,3,8,0.619048,13,3,8,0.619048,2,19,3,0.400000,12,4,8,0.600000,12,4,8,0.600000,12,3,9,0.571429,16,3,5,0.761905,13,3,8,0.619048,12,3,9,0.571429,13,3,8,0.619048,12,3,9,0.571429,16,3,5,0.761905,S-measured
e2e4_2026_09_02,ca4d67f,1,san-miguel.obj,shadow_ao,B,any_occluder_in_range,62,26,0,7,4,0,3,0.571429,4,0,3,0.571429,1,4,2,0.333333,5,0,2,0.714286,5,0,2,0.714286,4,0,3,0.571429,4,0,3,0.571429,4,0,3,0.571429,4,0,3,0.571429,4,0,3,0.571429,4,0,3,0.571429,4,0,3,0.571429,S-measured
e2e4_2026_09_02,ca4d67f,1,san-miguel.obj,shadow_ao,B,any_occluder_in_range,62,27,0,3,3,0,0,1.000000,2,0,1,0.666667,0,3,0,,2,0,1,0.666667,2,0,1,0.666667,3,0,0,1.000000,3,0,0,1.000000,3,0,0,1.000000,3,0,0,1.000000,3,0,0,1.000000,3,0,0,1.000000,3,0,0,1.000000,S-measured
e2e4_2026_09_02,ca4d67f,1,san-miguel.obj,diffuse_1,A,closest_improves_incumbent,62,0,0,2865,1230,0,1635,0.429319,1217,0,1648,0.424782,1217,0,1648,0.424782,1217,0,1648,0.424782,1217,0,1648,0.424782,0,2865,0,,1217,0,1648,0.424782,0,2865,0,,0,2865,0,,0,2865,0,,1217,0,1648,0.424782,0,2865,0,,S-measured
e2e4_2026_09_02,ca4d67f,1,san-miguel.obj,diffuse_1,A,closest_improves_incumbent,62,1,0,10467,5907,0,4560,0.564345,5907,0,4560,0.564345,4697,0,5770,0.448744,5770,0,4697,0.551256,5770,0,4697,0.551256,0,10467,0,,5907,0,4560,0.564345,0,10467,0,,0,10467,0,,0,10467,0,,5907,0,4560,0.564345,0,10467,0,,S-measured
e2e4_2026_09_02,ca4d67f,1,san-miguel.obj,diffuse_1,A,closest_improves_incumbent,62,2,0,4411,1435,0,2976,0.325323,1914,0,2497,0.433915,1914,0,2497,0.433915,996,0,3415,0.225799,1956,0,2455,0.443437,35,3361,1015,0.033333,965,0,3446,0.218771,35,3361,1015,0.033333,35,3361,1015,0.033333,35,3361,1015,0.033333,965,0,3446,0.218771,35,3361,1015,0.033333,S-measured
e2e4_2026_09_02,ca4d67f,1,san-miguel.obj,diffuse_1,A,closest_improves_incumbent,62,3,0,2223,1118,0,1105,0.502924,900,0,1323,0.404858,735,0,1488,0.330634,1051,0,1172,0.472785,1060,0,1163,0.476833,686,171,1366,0.334308,747,0,1476,0.336032,625,171,1427,0.304581,686,171,1366,0.334308,686,171,1366,0.334308,900,0,1323,0.404858,686,171,1366,0.334308,S-measured
e2e4_2026_09_02,ca4d67f,1,san-miguel.obj,diffuse_1,A,closest_improves_incumbent,62,4,0,2519,1866,0,653,0.740770,1871,0,648,0.742755,497,0,2022,0.197301,1156,0,1363,0.458912,1153,0,1366,0.457721,1466,731,322,0.819911,1121,0,1398,0.445018,716,731,1072,0.400447,1466,731,322,0.819911,1466,731,322,0.819911,1871,0,648,0.742755,716,731,1072,0.400447,S-measured
e2e4_2026_09_02,ca4d67f,1,san-miguel.obj,diffuse_1,A,closest_improves_incumbent,62,5,0,1442,953,0,489,0.660888,980,0,462,0.679612,785,0,657,0.544383,939,0,503,0.651179,915,0,527,0.634535,534,694,214,0.713904,948,0,494,0.657420,543,694,205,0.725936,543,694,205,0.725936,534,694,214,0.713904,980,0,462,0.679612,535,694,213,0.715241,S-measured
e2e4_2026_09_02,ca4d67f,1,san-miguel.obj,diffuse_1,A,closest_improves_incumbent,62,6,0,3679,729,2352,598,0.549359,686,2352,641,0.516956,620,2355,704,0.468278,725,2352,602,0.546345,733,2352,594,0.552374,625,2557,497,0.557041,657,2352,670,0.495102,627,2557,495,0.558824,627,2557,495,0.558824,623,2557,499,0.555258,666,2352,661,0.501884,625,2557,497,0.557041,S-measured
e2e4_2026_09_02,ca4d67f,1,san-miguel.obj,diffuse_1,A,closest_improves_incumbent,62,7,0,2181,1156,487,538,0.682409,1158,487,536,0.683589,830,622,729,0.532393,789,487,905,0.465762,914,487,780,0.539551,1097,595,489,0.691677,953,487,741,0.562574,904,595,682,0.569987,978,595,608,0.616646,1093,595,493,0.689155,1192,487,502,0.703660,899,595,687,0.566835,S-measured
e2e4_2026_09_02,ca4d67f,1,san-miguel.obj,diffuse_1,A,closest_improves_incumbent,62,8,0,6213,3041,951,2221,0.577917,3063,951,2199,0.582098,1675,3795,743,0.692721,2237,1034,2942,0.431937,2306,951,2956,0.438236,2907,1159,2147,0.575188,3247,951,2015,0.617066,2194,1159,2860,0.434112,2775,1159,2279,0.549070,2915,1159,2139,0.576771,3068,951,2194,0.583048,3120,1159,1934,0.617333,S-measured
e2e4_2026_09_02,ca4d67f,1,san-miguel.obj,diffuse_1,A,closest_improves_incumbent,62,9,0,7574,3999,598,2977,0.573251,3992,598,2984,0.572248,1292,5010,1272,0.503900,3721,826,3027,0.551423,3720,826,3028,0.551274,3594,675,3305,0.520945,2911,2079,2584,0.529754,3568,675,3331,0.517176,3597,675,3302,0.521380,3571,675,3328,0.517611,3647,598,3329,0.522792,2865,2156,2553,0.528793,S-measured
e2e4_2026_09_02,ca4d67f,1,san-miguel.obj,diffuse_1,A,closest_improves_incumbent,62,10,0,5370,2129,2417,824,0.720962,2087,2416,867,0.706500,470,3834,1066,0.305990,1655,3099,616,0.728754,1784,2858,728,0.710191,1942,2754,674,0.742355,1931,2665,774,0.713863,2049,2513,808,0.717186,2071,2513,786,0.724886,2072,2513,785,0.725236,2136,2417,817,0.723332,1878,2761,731,0.719816,S-measured
e2e4_2026_09_02,ca4d67f,1,san-miguel.obj,diffuse_1,A,closest_improves_incumbent,62,11,0,3322,2517,2,803,0.758133,2524,0,798,0.759783,2102,610,610,0.775074,2225,3,1094,0.670383,2240,3,1079,0.674902,2448,114,760,0.763092,2237,48,1037,0.683262,2399,114,809,0.747818,2442,114,766,0.761222,2439,114,769,0.760287,2521,0,801,0.758880,2173,162,987,0.687658,S-measured
e2e4_2026_09_02,ca4d67f,1,san-miguel.obj,diffuse_1,A,closest_improves_incumbent,62,12,0,3027,2317,9,701,0.767727,2307,9,711,0.764414,465,2136,426,0.521886,788,33,2206,0.263193,786,33,2208,0.262525,2302,74,651,0.779546,2163,27,837,0.721000,2176,78,773,0.737877,2206,74,747,0.747037,2274,74,679,0.770064,2311,9,707,0.765739,2135,92,800,0.727428,S-measured
e2e4_2026_09_02,ca4d67f,1,san-miguel.obj,diffuse_1,A,closest_improves_incumbent,62,13,0,1004,536,102,366,0.594235,555,102,347,0.615299,363,316,325,0.527616,489,101,414,0.541528,484,101,419,0.535991,522,139,343,0.603468,481,123,400,0.545970,500,145,359,0.582072,521,139,344,0.602312,521,139,344,0.602312,539,102,363,0.597561,463,160,381,0.548578,S-measured
e2e4_2026_09_02,ca4d67f,1,san-miguel.obj,diffuse_1,A,closest_improves_incumbent,62,14,0,963,547,34,382,0.588805,540,26,397,0.576307,422,195,346,0.549479,442,51,470,0.484649,449,51,463,0.492325,520,57,386,0.573951,500,73,390,0.561798,513,81,369,0.581633,518,57,388,0.571744,516,57,390,0.569536,530,32,401,0.569280,490,92,381,0.562572,S-measured
e2e4_2026_09_02,ca4d67f,1,san-miguel.obj,diffuse_1,A,closest_improves_incumbent,62,15,0,938,565,22,351,0.616812,573,22,343,0.625546,376,263,299,0.557037,450,35,453,0.498339,453,35,450,0.501661,537,42,359,0.599330,488,41,409,0.544036,512,57,369,0.581158,539,42,357,0.601562,544,42,352,0.607143,568,22,348,0.620087,478,61,399,0.545040,S-measured
e2e4_2026_09_02,ca4d67f,1,san-miguel.obj,diffuse_1,A,closest_improves_incumbent,62,16,0,910,523,25,362,0.590960,533,22,355,0.600225,362,225,323,0.528467,461,47,402,0.534183,462,47,401,0.535342,500,36,374,0.572082,462,51,397,0.537835,486,47,377,0.563152,490,36,384,0.560641,497,36,377,0.568650,514,27,369,0.582106,457,60,393,0.537647,S-measured
e2e4_2026_09_02,ca4d67f,1,san-miguel.obj,diffuse_1,A,closest_improves_incumbent,62,17,0,844,471,23,350,0.573691,485,22,337,0.590024,331,241,272,0.548922,393,59,392,0.500637,402,59,383,0.512102,460,25,359,0.561661,451,42,351,0.562344,463,41,340,0.576588,468,25,351,0.571429,459,25,360,0.560440,469,23,352,0.571255,450,44,350,0.562500,S-measured
e2e4_2026_09_02,ca4d67f,1,san-miguel.obj,diffuse_1,A,closest_improves_incumbent,62,18,0,787,435,36,316,0.579228,415,36,336,0.552597,268,253,266,0.501873,361,58,368,0.495199,362,58,367,0.496571,430,40,317,0.575636,383,67,337,0.531944,423,52,312,0.575510,429,40,318,0.574297,439,40,308,0.587684,434,39,314,0.580214,383,68,336,0.532684,S-measured
e2e4_2026_09_02,ca4d67f,1,san-miguel.obj,diffuse_1,A,closest_improves_incumbent,62,19,0,780,422,42,316,0.571816,409,42,329,0.554201,237,352,191,0.553738,351,91,338,0.509434,351,91,338,0.509434,425,42,313,0.575881,382,73,325,0.540311,408,51,321,0.559671,424,42,314,0.574526,431,42,307,0.584011,419,42,319,0.567751,382,73,325,0.540311,S-measured
e2e4_2026_09_02,ca4d67f,1,san-miguel.obj,diffuse_1,A,closest_improves_incumbent,62,20,0,719,383,75,261,0.594720,393,73,253,0.608359,206,347,166,0.553763,311,112,296,0.512356,322,112,285,0.530478,387,76,256,0.601866,356,94,269,0.569600,374,85,260,0.589905,382,76,261,0.594090,379,76,264,0.589425,384,76,259,0.597201,356,94,269,0.569600,S-measured
e2e4_2026_09_02,ca4d67f,1,san-miguel.obj,diffuse_1,A,closest_improves_incumbent,62,21,0,599,305,55,239,0.560662,295,55,249,0.542279,133,335,131,0.503788,272,94,233,0.538614,268,94,237,0.530693,297,55,247,0.545956,295,76,228,0.564054,297,57,245,0.547970,306,55,238,0.562500,290,55,254,0.533088,290,55,254,0.533088,295,76,228,0.564054,S-measured
e2e4_2026_09_02,ca4d67f,1,san-miguel.obj,diffuse_1,A,closest_improves_incumbent,62,22,0,447,237,29,181,0.566986,240,29,178,0.574163,86,297,64,0.573333,209,75,163,0.561828,215,75,157,0.577957,231,29,187,0.552632,226,52,169,0.572152,233,29,185,0.557416,233,29,185,0.557416,226,29,192,0.540670,226,29,192,0.540670,226,52,169,0.572152,S-measured
e2e4_2026_09_02,ca4d67f,1,san-miguel.obj,diffuse_1,A,closest_improves_incumbent,62,23,0,342,177,25,140,0.558360,175,25,142,0.552050,47,259,36,0.566265,148,63,131,0.530466,154,63,125,0.551971,173,25,144,0.545741,162,43,137,0.541806,161,25,156,0.507886,171,25,146,0.539432,180,25,137,0.567823,175,25,142,0.552050,162,43,137,0.541806,S-measured
e2e4_2026_09_02,ca4d67f,1,san-miguel.obj,diffuse_1,A,closest_improves_incumbent,62,24,0,198,97,11,90,0.518717,101,11,86,0.540107,20,160,18,0.526316,83,35,80,0.509202,85,35,78,0.521472,91,11,96,0.486631,94,18,86,0.522222,93,11,94,0.497326,89,11,98,0.475936,97,11,90,0.518717,90,11,97,0.481283,94,18,86,0.522222,S-measured
e2e4_2026_09_02,ca4d67f,1,san-miguel.obj,diffuse_1,A,closest_improves_incumbent,62,25,0,86,44,6,36,0.550000,40,6,40,0.500000,6,72,8,0.428571,41,11,34,0.546667,41,11,34,0.546667,44,6,36,0.550000,44,10,32,0.578947,45,6,35,0.562500,43,6,37,0.537500,43,6,37,0.537500,42,6,38,0.525000,44,10,32,0.578947,S-measured
e2e4_2026_09_02,ca4d67f,1,san-miguel.obj,diffuse_1,A,closest_improves_incumbent,62,26,0,31,17,1,13,0.566667,16,1,14,0.533333,3,25,3,0.500000,16,1,14,0.533333,16,1,14,0.533333,15,1,15,0.500000,15,2,14,0.517241,15,1,15,0.500000,15,1,15,0.500000,15,1,15,0.500000,15,1,15,0.500000,15,2,14,0.517241,S-measured
e2e4_2026_09_02,ca4d67f,1,san-miguel.obj,diffuse_1,A,closest_improves_incumbent,62,27,0,8,8,0,0,1.000000,8,0,0,1.000000,0,8,0,,5,0,3,0.625000,5,0,3,0.625000,8,0,0,1.000000,5,0,3,0.625000,8,0,0,1.000000,8,0,0,1.000000,8,0,0,1.000000,8,0,0,1.000000,5,0,3,0.625000,S-measured
e2e4_2026_09_02,ca4d67f,1,san-miguel.obj,diffuse_1,A,closest_improves_incumbent,62,28,0,1,1,0,0,1.000000,1,0,0,1.000000,0,1,0,,1,0,0,1.000000,1,0,0,1.000000,1,0,0,1.000000,0,0,1,0.000000,1,0,0,1.000000,1,0,0,1.000000,1,0,0,1.000000,1,0,0,1.000000,0,0,1,0.000000,S-measured
e2e4_2026_09_02,ca4d67f,1,san-miguel.obj,diffuse_1,B,closest_improves_incumbent,62,0,0,2861,1256,0,1605,0.439007,1240,0,1621,0.433415,1240,0,1621,0.433415,1240,0,1621,0.433415,1240,0,1621,0.433415,0,2861,0,,1240,0,1621,0.433415,0,2861,0,,0,2861,0,,0,2861,0,,1240,0,1621,0.433415,0,2861,0,,S-measured
e2e4_2026_09_02,ca4d67f,1,san-miguel.obj,diffuse_1,B,closest_improves_incumbent,62,1,0,10359,5937,0,4422,0.573125,5937,0,4422,0.573125,4551,0,5808,0.439328,5808,0,4551,0.560672,5808,0,4551,0.560672,0,10359,0,,5937,0,4422,0.573125,0,10359,0,,0,10359,0,,0,10359,0,,5937,0,4422,0.573125,0,10359,0,,S-measured
e2e4_2026_09_02,ca4d67f,1,san-miguel.obj,diffuse_1,B,closest_improves_incumbent,62,2,0,4396,1383,0,3013,0.314604,1885,0,2511,0.428799,1885,0,2511,0.428799,1016,0,3380,0.231119,1930,0,2466,0.439035,38,3383,975,0.037512,982,0,3414,0.223385,38,3383,975,0.037512,38,3383,975,0.037512,38,3383,975,0.037512,982,0,3414,0.223385,38,3383,975,0.037512,S-measured
e2e4_2026_09_02,ca4d67f,1,san-miguel.obj,diffuse_1,B,closest_improves_incumbent,62,3,0,2210,1152,0,1058,0.521267,927,0,1283,0.419457,766,0,1444,0.346606,1004,0,1206,0.454299,1011,0,1199,0.457466,719,155,1336,0.349878,785,0,1425,0.355204,677,155,1378,0.329440,719,155,1336,0.349878,719,155,1336,0.349878,927,0,1283,0.419457,719,155,1336,0.349878,S-measured
e2e4_2026_09_02,ca4d67f,1,san-miguel.obj,diffuse_1,B,closest_improves_incumbent,62,4,0,2451,1872,0,579,0.763770,1875,0,576,0.764994,478,0,1973,0.195022,1131,0,1320,0.461444,1127,0,1324,0.459812,1466,710,275,0.842045,1104,0,1347,0.450428,695,710,1046,0.399196,1466,710,275,0.842045,1466,710,275,0.842045,1875,0,576,0.764994,695,710,1046,0.399196,S-measured
e2e4_2026_09_02,ca4d67f,1,san-miguel.obj,diffuse_1,B,closest_improves_incumbent,62,5,0,1387,889,0,498,0.640952,885,0,502,0.638068,753,0,634,0.542898,867,0,520,0.625090,867,0,520,0.625090,487,651,249,0.661685,871,0,516,0.627974,496,651,240,0.673913,495,651,241,0.672554,487,651,249,0.661685,887,0,500,0.639510,488,651,248,0.663043,S-measured
e2e4_2026_09_02,ca4d67f,1,san-miguel.obj,diffuse_1,B,closest_improves_incumbent,62,6,0,3712,751,2357,604,0.554244,666,2357,689,0.491513,643,2360,709,0.475592,781,2357,574,0.576384,794,2357,561,0.585978,604,2592,516,0.539286,641,2357,714,0.473063,601,2592,519,0.536607,602,2592,518,0.537500,604,2592,516,0.539286,646,2357,709,0.476753,604,2592,516,0.539286,S-measured
e2e4_2026_09_02,ca4d67f,1,san-miguel.obj,diffuse_1,B,closest_improves_incumbent,62,7,0,2215,1149,493,573,0.667247,1162,493,560,0.674797,862,615,738,0.538750,780,493,942,0.452962,886,493,836,0.514518,1102,622,491,0.691777,999,493,723,0.580139,933,622,660,0.585687,1017,622,576,0.638418,1098,622,495,0.689266,1197,493,525,0.695122,942,622,651,0.591337,S-measured
e2e4_2026_09_02,ca4d67f,1,san-miguel.obj,diffuse_1,B,closest_improves_incumbent,62,8,0,6040,2938,952,2150,0.577437,2965,952,2123,0.582744,1594,3676,770,0.674281,2225,1023,2792,0.443492,2276,952,2812,0.447327,2807,1179,2054,0.577453,3082,952,2006,0.605739,2125,1179,2736,0.437153,2648,1179,2213,0.544744,2811,1179,2050,0.578276,2962,952,2126,0.582154,2945,1179,1916,0.605842,S-measured
e2e4_2026_09_02,ca4d67f,1,san-miguel.obj,diffuse_1,B,closest_improves_incumbent,62,9,0,7442,3938,593,2911,0.574974,3889,593,2960,0.567820,1197,4988,1257,0.487775,3747,817,2878,0.565585,3746,817,2879,0.565434,3548,669,3225,0.523845,2809,2043,2590,0.520282,3462,669,3311,0.511147,3485,669,3288,0.514543,3470,669,3303,0.512328,3528,593,3321,0.515112,2771,2119,2552,0.520571,S-measured
e2e4_2026_09_02,ca4d67f,1,san-miguel.obj,diffuse_1,B,closest_improves_incumbent,62,10,0,5225,2089,2323,813,0.719848,2042,2322,861,0.703410,473,3694,1058,0.308948,1607,2992,626,0.719660,1748,2733,744,0.701445,1856,2675,694,0.727843,1834,2595,796,0.697338,1962,2416,847,0.698469,2006,2416,803,0.714133,2008,2416,801,0.714845,2084,2323,818,0.718125,1782,2688,755,0.702404,S-measured
e2e4_2026_09_02,ca4d67f,1,san-miguel.obj,diffuse_1,B,closest_improves_incumbent,62,11,0,3224,2421,4,799,0.751863,2421,2,801,0.751397,2011,597,616,0.765512,2081,6,1137,0.646675,2089,6,1129,0.649161,2367,111,746,0.760360,2133,54,1037,0.672871,2323,111,790,0.746226,2366,111,747,0.760039,2351,111,762,0.755220,2417,2,805,0.750155,2087,163,974,0.681803,S-measured
e2e4_2026_09_02,ca4d67f,1,san-miguel.obj,diffuse_1,B,closest_improves_incumbent,62,12,0,2964,2289,9,666,0.774619,2274,9,681,0.769543,473,2063,428,0.524972,729,37,2198,0.249060,734,37,2193,0.250769,2259,65,640,0.779234,2144,33,787,0.731491,2112,75,777,0.731049,2156,65,743,0.743705,2217,65,682,0.764746,2271,9,684,0.768528,2115,89,760,0.735652,S-measured
e2e4_2026_09_02,ca4d67f,1,san-miguel.obj,diffuse_1,B,closest_improves_incumbent,62,13,0,997,513,93,391,0.567478,535,93,369,0.591814,365,303,329,0.525937,437,94,466,0.483942,452,93,452,0.500000,514,120,363,0.586089,463,108,426,0.520810,504,123,370,0.576659,521,119,357,0.593394,513,119,365,0.584282,526,93,378,0.581858,452,134,411,0.523754,S-measured
e2e4_2026_09_02,ca4d67f,1,san-miguel.obj,diffuse_1,B,closest_improves_incumbent,62,14,0,987,559,48,380,0.595314,571,42,374,0.604233,398,236,353,0.529960,457,65,465,0.495662,455,65,467,0.493492,557,71,359,0.608079,513,77,397,0.563736,547,89,351,0.609131,561,71,355,0.612445,552,71,364,0.602620,566,49,372,0.603412,506,97,384,0.568539,S-measured
e2e4_2026_09_02,ca4d67f,1,san-miguel.obj,diffuse_1,B,closest_improves_incumbent,62,15,0,1018,623,17,378,0.622378,626,17,375,0.625375,420,296,302,0.581717,491,35,492,0.499491,494,35,489,0.502543,595,33,390,0.604061,525,36,457,0.534623,550,52,416,0.569358,588,33,397,0.596954,593,33,392,0.602030,626,17,375,0.625375,513,52,453,0.531056,S-measured
e2e4_2026_09_02,ca4d67f,1,san-miguel.obj,diffuse_1,B,closest_improves_incumbent,62,16,0,906,489,22,395,0.553167,482,21,403,0.544633,353,218,335,0.513081,422,46,438,0.490698,427,46,433,0.496512,499,27,380,0.567691,471,48,387,0.548951,470,37,399,0.540852,495,27,384,0.563140,496,27,383,0.564278,492,23,391,0.557191,470,52,384,0.550351,S-measured
e2e4_2026_09_02,ca4d67f,1,san-miguel.obj,diffuse_1,B,closest_improves_incumbent,62,17,0,887,508,21,358,0.586605,507,21,359,0.585450,338,305,244,0.580756,411,73,403,0.504914,415,73,399,0.509828,508,22,357,0.587283,482,44,361,0.571767,498,36,353,0.585194,514,22,351,0.594220,505,22,360,0.583815,518,21,348,0.598152,481,45,361,0.571259,S-measured
e2e4_2026_09_02,ca4d67f,1,san-miguel.obj,diffuse_1,B,closest_improves_incumbent,62,18,0,799,432,23,344,0.556701,421,23,355,0.542526,273,242,284,0.490126,369,44,386,0.488742,374,44,381,0.495364,420,27,352,0.544041,389,47,363,0.517287,402,40,357,0.529644,421,26,352,0.544631,424,26,349,0.548512,422,24,353,0.544516,388,49,362,0.517333,S-measured
e2e4_2026_09_02,ca4d67f,1,san-miguel.obj,diffuse_1,B,closest_improves_incumbent,62,19,0,794,443,39,312,0.586755,453,38,303,0.599206,244,354,196,0.554545,369,88,337,0.522663,370,88,336,0.524079,438,39,317,0.580132,376,69,349,0.518621,420,51,323,0.565276,429,39,326,0.568212,441,39,314,0.584106,436,38,320,0.576720,376,69,349,0.518621,S-measured
e2e4_2026_09_02,ca4d67f,1,san-miguel.obj,diffuse_1,B,closest_improves_incumbent,62,20,0,715,368,63,284,0.564417,376,63,276,0.576687,189,364,162,0.538462,328,106,281,0.538588,326,106,283,0.535304,385,64,266,0.591398,351,99,265,0.569805,387,71,257,0.600932,386,64,265,0.592934,380,64,271,0.583717,385,63,267,0.590491,351,99,265,0.569805,S-measured
e2e4_2026_09_02,ca4d67f,1,san-miguel.obj,diffuse_1,B,closest_improves_incumbent,62,21,0,592,306,68,218,0.583969,299,67,226,0.569524,125,360,107,0.538793,230,124,238,0.491453,232,124,236,0.495726,301,67,224,0.573333,283,98,211,0.572874,303,69,220,0.579350,303,67,222,0.577143,293,67,232,0.558095,301,67,224,0.573333,283,98,211,0.572874,S-measured
e2e4_2026_09_02,ca4d67f,1,san-miguel.obj,diffuse_1,B,closest_improves_incumbent,62,22,0,427,233,34,160,0.592875,232,34,161,0.590331,75,289,63,0.543478,201,63,163,0.552198,206,63,158,0.565934,236,34,157,0.600509,201,56,170,0.541779,230,34,163,0.585242,234,34,159,0.595420,228,34,165,0.580153,236,34,157,0.600509,201,56,170,0.541779,S-measured
e2e4_2026_09_02,ca4d67f,1,san-miguel.obj,diffuse_1,B,closest_improves_incumbent,62,23,0,302,163,24,115,0.586331,165,24,113,0.593525,48,227,27,0.640000,123,54,125,0.495968,125,54,123,0.504032,162,24,116,0.582734,138,45,119,0.536965,158,24,120,0.568345,158,24,120,0.568345,165,24,113,0.593525,164,24,114,0.589928,138,45,119,0.536965,S-measured
e2e4_2026_09_02,ca4d67f,1,san-miguel.obj,diffuse_1,B,closest_improves_incumbent,62,24,0,186,98,11,77,0.560000,101,11,74,0.577143,18,156,12,0.600000,86,31,69,0.554839,85,31,70,0.548387,95,11,80,0.542857,84,17,85,0.497041,93,11,82,0.531429,91,11,84,0.520000,97,11,78,0.554286,94,11,81,0.537143,84,17,85,0.497041,S-measured
e2e4_2026_09_02,ca4d67f,1,san-miguel.obj,diffuse_1,B,closest_improves_incumbent,62,25,0,85,48,4,33,0.592593,46,4,35,0.567901,11,70,4,0.733333,43,10,32,0.573333,41,10,34,0.546667,46,5,34,0.575000,45,7,33,0.576923,44,4,37,0.543210,46,4,35,0.567901,48,4,33,0.592593,47,4,34,0.580247,45,7,33,0.576923,S-measured
e2e4_2026_09_02,ca4d67f,1,san-miguel.obj,diffuse_1,B,closest_improves_incumbent,62,26,0,35,20,0,15,0.571429,18,0,17,0.514286,5,24,6,0.454545,20,2,13,0.606061,19,2,14,0.575758,20,0,15,0.571429,21,0,14,0.600000,21,0,14,0.600000,21,0,14,0.600000,18,0,17,0.514286,18,0,17,0.514286,21,0,14,0.600000,S-measured
e2e4_2026_09_02,ca4d67f,1,san-miguel.obj,diffuse_1,B,closest_improves_incumbent,62,27,0,13,8,0,5,0.615385,7,0,6,0.538462,1,10,2,0.333333,7,0,6,0.538462,7,0,6,0.538462,9,0,4,0.692308,7,1,5,0.583333,9,0,4,0.692308,9,0,4,0.692308,8,0,5,0.615385,8,0,5,0.615385,7,1,5,0.583333,S-measured
e2e4_2026_09_02,ca4d67f,1,san-miguel.obj,diffuse_1,B,closest_improves_incumbent,62,28,0,1,1,0,0,1.000000,1,0,0,1.000000,0,1,0,,1,0,0,1.000000,1,0,0,1.000000,1,0,0,1.000000,1,0,0,1.000000,1,0,0,1.000000,1,0,0,1.000000,1,0,0,1.000000,1,0,0,1.000000,1,0,0,1.000000,S-measured
e2e4_2026_09_02,ca4d67f,1,san-miguel.obj,incoherent,A,closest_improves_incumbent,62,0,0,60607,23494,0,37113,0.387645,23450,0,37157,0.386919,23450,0,37157,0.386919,23450,0,37157,0.386919,23450,0,37157,0.386919,0,60607,0,,23450,0,37157,0.386919,0,60607,0,,0,60607,0,,0,60607,0,,23450,0,37157,0.386919,0,60607,0,,S-measured
e2e4_2026_09_02,ca4d67f,1,san-miguel.obj,incoherent,A,closest_improves_incumbent,62,1,0,47196,25346,0,21850,0.537037,25346,0,21850,0.537037,24456,0,22740,0.518180,22740,0,24456,0.481820,22740,0,24456,0.481820,0,47196,0,,25346,0,21850,0.537037,0,47196,0,,0,47196,0,,0,47196,0,,25346,0,21850,0.537037,0,47196,0,,S-measured
e2e4_2026_09_02,ca4d67f,1,san-miguel.obj,incoherent,A,closest_improves_incumbent,62,2,0,47630,20985,0,26645,0.440584,19320,0,28310,0.405627,19320,0,28310,0.405627,12818,0,34812,0.269116,17266,0,30364,0.362503,1446,38758,7426,0.162985,13079,0,34551,0.274596,1446,38758,7426,0.162985,1446,38758,7426,0.162985,1446,38758,7426,0.162985,13079,0,34551,0.274596,1446,38758,7426,0.162985,S-measured
e2e4_2026_09_02,ca4d67f,1,san-miguel.obj,incoherent,A,closest_improves_incumbent,62,3,0,37845,21042,0,16803,0.556005,19963,0,17882,0.527494,18303,0,19542,0.483631,15310,0,22535,0.404545,15460,0,22385,0.408508,16230,4284,17331,0.483597,18379,0,19466,0.485639,16168,4284,17393,0.481750,16230,4284,17331,0.483597,16230,4284,17331,0.483597,19963,0,17882,0.527494,16230,4284,17331,0.483597,S-measured
e2e4_2026_09_02,ca4d67f,1,san-miguel.obj,incoherent,A,closest_improves_incumbent,62,4,0,29196,19709,0,9487,0.675058,19685,0,9511,0.674236,7652,0,21544,0.262091,17368,0,11828,0.594876,15610,0,13586,0.534662,15259,7962,5975,0.718612,14512,0,14684,0.497054,10070,7962,11164,0.474239,15259,7962,5975,0.718612,15243,7962,5991,0.717858,19685,0,9511,0.674236,10095,7962,11139,0.475417,S-measured
e2e4_2026_09_02,ca4d67f,1,san-miguel.obj,incoherent,A,closest_improves_incumbent,62,5,0,25961,17065,0,8896,0.657332,16411,0,9550,0.632141,16892,140,8929,0.654196,10314,140,15507,0.399442,11108,140,14713,0.430192,12788,9773,3400,0.789968,18825,0,7136,0.725126,12839,9773,3349,0.793118,12875,9773,3313,0.795342,12757,9773,3431,0.788053,18407,0,7554,0.709025,12123,9773,4065,0.748888,S-measured
e2e4_2026_09_02,ca4d67f,1,san-miguel.obj,incoherent,A,closest_improves_incumbent,62,6,0,39417,16543,16143,6731,0.710793,16587,16060,6770,0.710151,8731,16206,14480,0.376158,10345,16066,13006,0.443022,13190,16066,10161,0.564858,15559,19350,4508,0.775353,16357,16060,7000,0.700304,15542,19350,4525,0.774505,15558,19350,4509,0.775303,15573,19350,4494,0.776050,16493,16060,6864,0.706127,15419,19350,4648,0.768376,S-measured
e2e4_2026_09_02,ca4d67f,1,san-miguel.obj,incoherent,A,closest_improves_incumbent,62,7,0,28314,15111,5147,8056,0.652264,14888,5132,8294,0.642222,11821,6261,10232,0.536027,10126,5132,13056,0.436804,12997,5132,10185,0.560651,13520,7603,7191,0.652793,14567,5761,7986,0.645901,13487,7603,7224,0.651200,13496,7603,7215,0.651634,13293,7603,7418,0.641833,15534,5132,7648,0.670089,13425,8232,6657,0.668509,S-measured
e2e4_2026_09_02,ca4d67f,1,san-miguel.obj,incoherent,A,closest_improves_incumbent,62,8,0,45219,24713,5547,14959,0.622933,24439,5547,15233,0.616026,16216,17485,11518,0.584697,20995,6897,17327,0.547858,21180,6621,17418,0.548733,23365,8158,13696,0.630447,19587,9283,16349,0.545052,22920,8158,14141,0.618440,23048,8158,14013,0.621894,23412,8158,13649,0.631715,24379,5547,15293,0.614514,18251,11894,15074,0.547667,S-measured
e2e4_2026_09_02,ca4d67f,1,san-miguel.obj,incoherent,A,closest_improves_incumbent,62,9,0,62136,34279,7781,20076,0.630650,34233,7779,20124,0.629781,15004,32649,14483,0.508834,28734,10981,22421,0.561705,28988,10981,22167,0.566670,33305,9473,19358,0.632417,23729,17749,20658,0.534593,31275,9475,21386,0.593893,33049,9473,19614,0.627556,31838,9473,20825,0.604561,34542,7781,19813,0.635489,22727,19441,19968,0.532311,S-measured
e2e4_2026_09_02,ca4d67f,1,san-miguel.obj,incoherent,A,closest_improves_incumbent,62,10,0,45316,22357,12380,10579,0.678801,22136,12359,10821,0.671663,9477,23579,12260,0.435985,18121,15389,11806,0.605507,18283,15027,12006,0.603618,22049,14089,9178,0.706088,18717,12844,13755,0.576404,20805,13731,10780,0.658699,21889,13727,9700,0.692931,22142,13727,9447,0.700940,22798,12396,10122,0.692527,18000,14175,13141,0.578016,S-measured
e2e4_2026_09_02,ca4d67f,1,san-miguel.obj,incoherent,A,closest_improves_incumbent,62,11,0,37444,24478,77,12889,0.655070,24363,46,13035,0.651452,13917,13518,10009,0.581668,19725,1961,15758,0.555900,19784,1961,15699,0.557563,23605,1221,12618,0.651658,19574,505,17365,0.529901,21823,1229,14392,0.602596,23371,1221,12852,0.645198,23535,1221,12688,0.649725,24346,46,13052,0.650997,18970,1680,16794,0.530422,S-measured
e2e4_2026_09_02,ca4d67f,1,san-miguel.obj,incoherent,A,closest_improves_incumbent,62,12,0,28394,18902,102,9390,0.668104,18887,93,9414,0.667362,6888,14295,7211,0.488545,12578,756,15060,0.455098,12636,756,15002,0.457197,18156,1117,9121,0.665616,16111,601,11682,0.579678,17033,1161,10200,0.625454,17983,1117,9294,0.659273,18294,1117,8983,0.670675,18889,105,9400,0.667715,15585,1613,11196,0.581942,S-measured
e2e4_2026_09_02,ca4d67f,1,san-miguel.obj,incoherent,A,closest_improves_incumbent,62,13,0,18059,9025,3277,5757,0.610540,8986,3266,5807,0.607449,5407,7408,5244,0.507652,7415,3394,7250,0.505626,7480,3377,7202,0.509467,8684,3737,5638,0.606340,7864,3413,6782,0.536938,8410,3749,5900,0.587701,8698,3720,5641,0.606597,8721,3720,5618,0.608201,8958,3266,5835,0.605557,7626,3867,6566,0.537345,S-measured
e2e4_2026_09_02,ca4d67f,1,san-miguel.obj,incoherent,A,closest_improves_incumbent,62,14,0,16608,9705,466,6437,0.601227,9693,428,6487,0.599073,5810,4979,5819,0.499613,8159,894,7555,0.519219,8200,894,7514,0.521828,9568,704,6336,0.601610,8190,782,7636,0.517503,9181,772,6655,0.579755,9482,704,6422,0.596202,9508,709,6391,0.598025,9676,444,6488,0.598614,8061,1033,7514,0.517560,S-measured
e2e4_2026_09_02,ca4d67f,1,san-miguel.obj,incoherent,A,closest_improves_incumbent,62,15,0,15755,9271,115,6369,0.592775,9203,113,6439,0.588352,5940,4413,5402,0.523717,7648,212,7895,0.492054,7710,212,7833,0.496043,9006,352,6397,0.584691,8230,520,7005,0.540203,8799,400,6556,0.573038,8970,352,6433,0.582354,9015,352,6388,0.585276,9198,116,6441,0.588145,8097,756,6902,0.539836,S-measured
e2e4_2026_09_02,ca4d67f,1,san-miguel.obj,incoherent,A,closest_improves_incumbent,62,16,0,15628,9239,302,6087,0.602832,9230,285,6113,0.601577,5249,5889,4490,0.538967,7372,864,7392,0.499323,7382,864,7382,0.500000,9155,413,6060,0.601709,8351,752,6525,0.561374,8849,485,6294,0.584362,9149,413,6066,0.601314,9137,413,6078,0.600526,9212,300,6116,0.600992,8292,860,6476,0.561484,S-measured
e2e4_2026_09_02,ca4d67f,1,san-miguel.obj,incoherent,A,closest_improves_incumbent,62,17,0,14116,8294,471,5351,0.607842,8269,439,5408,0.604592,4658,5472,3986,0.538871,6674,1199,6243,0.516683,6707,1198,6211,0.519198,8186,548,5382,0.603331,7090,788,6238,0.531963,8047,599,5470,0.595324,8162,544,5410,0.601385,8173,544,5399,0.602196,8219,471,5426,0.602345,7055,855,6206,0.532011,S-measured
e2e4_2026_09_02,ca4d67f,1,san-miguel.obj,incoherent,A,closest_improves_incumbent,62,18,0,11531,6613,514,4404,0.600254,6602,464,4465,0.596548,3770,4549,3212,0.539960,5419,773,5339,0.503718,5419,773,5339,0.503718,6520,581,4430,0.595434,5851,889,4791,0.549803,6275,653,4603,0.576852,6520,576,4435,0.595162,6500,576,4455,0.593336,6574,525,4432,0.597311,5834,930,4767,0.550325,S-measured
e2e4_2026_09_02,ca4d67f,1,san-miguel.obj,incoherent,A,closest_improves_incumbent,62,19,0,10596,5899,525,4172,0.585741,5881,476,4239,0.581126,2956,4907,2733,0.519599,4880,1077,4639,0.512659,4927,1077,4592,0.517596,5824,579,4193,0.581412,5234,933,4429,0.541654,5636,668,4292,0.567687,5810,570,4216,0.579493,5825,570,4201,0.580989,5858,534,4204,0.582190,5218,961,4417,0.541567,S-measured
e2e4_2026_09_02,ca4d67f,1,san-miguel.obj,incoherent,A,closest_improves_incumbent,62,20,0,8840,4785,597,3458,0.580493,4789,514,3537,0.575186,2457,4111,2272,0.519560,4051,884,3905,0.509175,4085,884,3871,0.513449,4683,652,3505,0.571935,4253,959,3628,0.539652,4614,715,3511,0.567877,4663,648,3529,0.569214,4680,648,3512,0.571289,4718,622,3500,0.574106,4244,977,3619,0.539743,S-measured
e2e4_2026_09_02,ca4d67f,1,san-miguel.obj,incoherent,A,closest_improves_incumbent,62,21,0,7747,4107,542,3098,0.570021,4081,526,3140,0.565157,1920,4104,1723,0.527038,3416,973,3358,0.504281,3428,973,3346,0.506053,4029,557,3161,0.560362,3622,870,3255,0.526683,3939,609,3199,0.551835,4009,552,3186,0.557192,4017,552,3178,0.558304,4037,545,3165,0.560539,3617,877,3253,0.526492,S-measured
e2e4_2026_09_02,ca4d67f,1,san-miguel.obj,incoherent,A,closest_improves_incumbent,62,22,0,6933,3573,551,2809,0.559856,3531,539,2863,0.552236,1460,4284,1189,0.551151,2912,1210,2811,0.508824,2938,1210,2785,0.513367,3529,557,2847,0.553482,3107,1011,2815,0.524654,3456,594,2883,0.545196,3526,552,2855,0.552578,3518,552,2863,0.551324,3521,550,2862,0.551621,3107,1011,2815,0.524654,S-measured
e2e4_2026_09_02,ca4d67f,1,san-miguel.obj,incoherent,A,closest_improves_incumbent,62,23,0,5250,2680,564,2006,0.571916,2627,559,2064,0.560009,882,3781,587,0.600408,2146,1125,1979,0.520242,2176,1125,1949,0.527515,2574,574,2102,0.550470,2267,841,2142,0.514176,2530,573,2147,0.540945,2558,568,2124,0.546348,2588,567,2095,0.552637,2591,568,2091,0.553396,2267,841,2142,0.514176,S-measured
e2e4_2026_09_02,ca4d67f,1,san-miguel.obj,incoherent,A,closest_improves_incumbent,62,24,0,2987,1523,280,1184,0.562615,1496,278,1213,0.552233,419,2287,281,0.598571,1252,627,1108,0.530508,1263,625,1099,0.534716,1493,284,1210,0.552349,1404,419,1164,0.546729,1477,283,1227,0.546228,1494,279,1214,0.551699,1517,279,1191,0.560192,1497,279,1211,0.552806,1404,419,1164,0.546729,S-measured
e2e4_2026_09_02,ca4d67f,1,san-miguel.obj,incoherent,A,closest_improves_incumbent,62,25,0,1353,700,98,555,0.557769,683,97,573,0.543790,174,1045,134,0.564935,591,199,563,0.512132,598,199,556,0.518198,684,98,571,0.545020,616,144,593,0.509512,658,100,595,0.525140,681,98,574,0.542629,687,98,568,0.547410,687,98,568,0.547410,616,144,593,0.509512,S-measured
e2e4_2026_09_02,ca4d67f,1,san-miguel.obj,incoherent,A,closest_improves_incumbent,62,26,0,552,301,33,218,0.579961,296,32,224,0.569231,57,458,37,0.606383,262,91,199,0.568330,262,91,199,0.568330,289,33,230,0.556840,275,51,226,0.548902,301,34,217,0.581081,296,33,223,0.570328,284,33,235,0.547206,289,33,230,0.556840,275,51,226,0.548902,S-measured
e2e4_2026_09_02,ca4d67f,1,san-miguel.obj,incoherent,A,closest_improves_incumbent,62,27,0,213,103,8,102,0.502439,104,8,101,0.507317,11,186,16,0.407407,106,12,95,0.527363,106,12,95,0.527363,108,8,97,0.526829,110,13,90,0.550000,105,8,100,0.512195,103,8,102,0.502439,112,8,93,0.546341,113,8,92,0.551220,110,13,90,0.550000,S-measured
e2e4_2026_09_02,ca4d67f,1,san-miguel.obj,incoherent,A,closest_improves_incumbent,62,28,0,64,39,1,24,0.619048,36,1,27,0.571429,12,46,6,0.666667,40,2,22,0.645161,41,2,21,0.661290,39,1,24,0.619048,34,3,27,0.557377,39,1,24,0.619048,40,1,23,0.634921,36,1,27,0.571429,38,1,25,0.603175,34,3,27,0.557377,S-measured
e2e4_2026_09_02,ca4d67f,1,san-miguel.obj,incoherent,A,closest_improves_incumbent,62,29,0,21,11,0,10,0.523810,10,0,11,0.476190,0,20,1,0.000000,10,0,11,0.476190,10,0,11,0.476190,11,0,10,0.523810,8,0,13,0.380952,12,0,9,0.571429,12,0,9,0.571429,8,0,13,0.380952,11,0,10,0.523810,8,0,13,0.380952,S-measured
e2e4_2026_09_02,ca4d67f,1,san-miguel.obj,incoherent,A,closest_improves_incumbent,62,30,0,6,4,0,2,0.666667,4,0,2,0.666667,0,6,0,,4,2,0,1.000000,4,2,0,1.000000,4,0,2,0.666667,4,0,2,0.666667,4,0,2,0.666667,4,0,2,0.666667,4,0,2,0.666667,4,0,2,0.666667,4,0,2,0.666667,S-measured
e2e4_2026_09_02,ca4d67f,1,san-miguel.obj,incoherent,B,closest_improves_incumbent,62,0,0,60266,23320,0,36946,0.386951,23252,0,37014,0.385823,23252,0,37014,0.385823,23252,0,37014,0.385823,23252,0,37014,0.385823,0,60266,0,,23252,0,37014,0.385823,0,60266,0,,0,60266,0,,0,60266,0,,23252,0,37014,0.385823,0,60266,0,,S-measured
e2e4_2026_09_02,ca4d67f,1,san-miguel.obj,incoherent,B,closest_improves_incumbent,62,1,0,47015,25218,0,21797,0.536382,25218,0,21797,0.536382,24070,0,22945,0.511964,22945,0,24070,0.488036,22945,0,24070,0.488036,0,47015,0,,25218,0,21797,0.536382,0,47015,0,,0,47015,0,,0,47015,0,,25218,0,21797,0.536382,0,47015,0,,S-measured
e2e4_2026_09_02,ca4d67f,1,san-miguel.obj,incoherent,B,closest_improves_incumbent,62,2,0,47835,20770,0,27065,0.434201,18944,0,28891,0.396028,18944,0,28891,0.396028,12580,0,35255,0.262987,16956,0,30879,0.354468,1399,39079,7357,0.159776,12783,0,35052,0.267231,1399,39079,7357,0.159776,1399,39079,7357,0.159776,1399,39079,7357,0.159776,12783,0,35052,0.267231,1399,39079,7357,0.159776,S-measured
e2e4_2026_09_02,ca4d67f,1,san-miguel.obj,incoherent,B,closest_improves_incumbent,62,3,0,37700,20926,0,16774,0.555066,19912,0,17788,0.528170,18254,0,19446,0.484191,15080,0,22620,0.400000,15194,0,22506,0.403024,16208,4227,17265,0.484211,18261,0,19439,0.484377,16080,4227,17393,0.480387,16208,4227,17265,0.484211,16208,4227,17265,0.484211,19912,0,17788,0.528170,16208,4227,17265,0.484211,S-measured
e2e4_2026_09_02,ca4d67f,1,san-miguel.obj,incoherent,B,closest_improves_incumbent,62,4,0,29098,19477,0,9621,0.669359,19450,0,9648,0.668431,7621,0,21477,0.261908,17475,0,11623,0.600557,15580,0,13518,0.535432,15245,7906,5947,0.719375,14330,0,14768,0.492474,10094,7906,11098,0.476312,15245,7906,5947,0.719375,15214,7906,5978,0.717912,19450,0,9648,0.668431,10136,7906,11056,0.478294,S-measured
e2e4_2026_09_02,ca4d67f,1,san-miguel.obj,incoherent,B,closest_improves_incumbent,62,5,0,25687,16744,0,8943,0.651847,16166,0,9521,0.629346,16748,134,8805,0.655422,10115,134,15438,0.395844,10803,134,14750,0.422768,12848,9403,3436,0.788995,18672,0,7015,0.726905,12909,9403,3375,0.792741,12935,9403,3349,0.794338,12808,9403,3476,0.786539,18164,0,7523,0.707128,12204,9403,4080,0.749447,S-measured
e2e4_2026_09_02,ca4d67f,1,san-miguel.obj,incoherent,B,closest_improves_incumbent,62,6,0,39637,16759,16161,6717,0.713878,16841,16070,6726,0.714601,8775,16244,14618,0.375112,10293,16081,13263,0.436959,13178,16081,10378,0.559433,15818,19330,4489,0.778943,16567,16070,7000,0.702974,15804,19330,4503,0.778254,15813,19330,4494,0.778697,15837,19330,4470,0.779879,16746,16070,6821,0.710570,15622,19330,4685,0.769291,S-measured
e2e4_2026_09_02,ca4d67f,1,san-miguel.obj,incoherent,B,closest_improves_incumbent,62,7,0,28291,15189,5300,7802,0.660650,14898,5289,8104,0.647683,11988,6382,9921,0.547172,9820,5289,13182,0.426919,12809,5289,10193,0.556865,13587,7707,6997,0.660076,14667,5856,7768,0.653755,13549,7707,7035,0.658230,13542,7707,7042,0.657890,13308,7707,7276,0.646522,15493,5289,7509,0.673550,13559,8274,6458,0.677374,S-measured
e2e4_2026_09_02,ca4d67f,1,san-miguel.obj,incoherent,B,closest_improves_incumbent,62,8,0,44524,24519,5339,14666,0.625724,24264,5339,14921,0.619217,15853,17015,11656,0.576284,20718,6594,17212,0.546217,20886,6314,17324,0.546611,23322,7883,13319,0.636500,19373,9095,16056,0.546812,22611,7884,14029,0.617112,22964,7883,13677,0.626730,23353,7883,13288,0.637346,24156,5339,15029,0.616460,18060,11639,14825,0.549187,S-measured
e2e4_2026_09_02,ca4d67f,1,san-miguel.obj,incoherent,B,closest_improves_incumbent,62,9,0,62097,33895,7638,20564,0.622395,33816,7638,20643,0.620944,14828,32787,14482,0.505902,28602,10915,22580,0.558829,28834,10915,22348,0.563362,33088,9288,19721,0.626560,23825,17632,20640,0.535815,31255,9294,21548,0.591917,32857,9288,19952,0.622186,31771,9288,21038,0.601621,34303,7638,20156,0.629887,22884,19282,19931,0.534486,S-measured
e2e4_2026_09_02,ca4d67f,1,san-miguel.obj,incoherent,B,closest_improves_incumbent,62,10,0,45065,22319,12223,10523,0.679587,22159,12198,10708,0.674202,9609,23383,12073,0.443179,18088,15273,11704,0.607143,18174,14913,11978,0.602746,22028,13948,9089,0.707909,18310,12677,14078,0.565333,20538,13591,10936,0.652539,21784,13588,9693,0.692061,22058,13588,9419,0.700766,22888,12247,9930,0.697422,17603,14018,13444,0.566979,S-measured
e2e4_2026_09_02,ca4d67f,1,san-miguel.obj,incoherent,B,closest_improves_incumbent,62,11,0,37363,24157,76,13130,0.647867,24160,42,13161,0.647357,13806,13557,10000,0.579938,19667,1875,15821,0.554187,19781,1875,15707,0.557400,23396,1199,12768,0.646942,19215,554,17594,0.522019,21526,1205,14632,0.595332,23137,1199,13027,0.639780,23383,1199,12781,0.646582,24146,42,13175,0.646982,18619,1711,17033,0.522243,S-measured
e2e4_2026_09_02,ca4d67f,1,san-miguel.obj,incoherent,B,closest_improves_incumbent,62,12,0,28105,18680,119,9306,0.667477,18709,111,9285,0.668322,6906,14155,7044,0.495054,12435,748,14922,0.454545,12519,748,14838,0.457616,17876,1089,9140,0.661682,15803,613,11689,0.574822,16863,1121,10121,0.624926,17721,1089,9295,0.655945,18028,1089,8988,0.667308,18700,120,9285,0.668215,15290,1582,11233,0.576481,S-measured
e2e4_2026_09_02,ca4d67f,1,san-miguel.obj,incoherent,B,closest_improves_incumbent,62,13,0,17952,8954,3340,5658,0.612784,8895,3331,5726,0.608372,5299,7367,5286,0.500614,7343,3465,7144,0.506868,7388,3450,7114,0.509447,8553,3830,5569,0.605651,7693,3498,6761,0.532240,8268,3848,5836,0.586217,8593,3815,5544,0.607838,8635,3815,5502,0.610809,8879,3331,5742,0.607277,7440,3982,6530,0.532570,S-measured
e2e4_2026_09_02,ca4d67f,1,san-miguel.obj,incoherent,B,closest_improves_incumbent,62,14,0,16523,9670,488,6365,0.603056,9667,437,6419,0.600957,5801,5118,5604,0.508637,8008,931,7584,0.513597,8000,931,7592,0.513084,9424,778,6321,0.598539,8225,791,7507,0.522820,8992,851,6680,0.573762,9272,778,6473,0.588885,9394,780,6349,0.596710,9598,464,6461,0.597671,8042,1095,7386,0.521260,S-measured
e2e4_2026_09_02,ca4d67f,1,san-miguel.obj,incoherent,B,closest_improves_incumbent,62,15,0,15405,9060,113,6232,0.592467,9055,112,6238,0.592101,5714,4478,5213,0.522925,7483,235,7687,0.493276,7541,235,7629,0.497100,8847,377,6181,0.588701,8080,489,6836,0.541700,8515,435,6455,0.568804,8809,377,6219,0.586172,8880,377,6148,0.590897,9068,113,6224,0.592990,7927,753,6725,0.541018,S-measured
e2e4_2026_09_02,ca4d67f,1,san-miguel.obj,incoherent,B,closest_improves_incumbent,62,16,0,15327,8942,284,6101,0.594429,8939,265,6123,0.593480,5071,5887,4369,0.537182,7250,880,7197,0.501834,7255,880,7192,0.502180,8909,412,6006,0.597318,8159,728,6440,0.558874,8605,473,6249,0.579305,8890,412,6025,0.596044,8913,412,6002,0.597586,8965,284,6078,0.595958,8097,851,6379,0.559340,S-measured
e2e4_2026_09_02,ca4d67f,1,san-miguel.obj,incoherent,B,closest_improves_incumbent,62,17,0,13801,8032,508,5261,0.604228,8039,485,5277,0.603710,4574,5421,3806,0.545823,6623,1239,5939,0.527225,6628,1239,5934,0.527623,7953,582,5266,0.601634,6869,784,6148,0.527695,7828,638,5335,0.594697,7926,580,5295,0.599501,7961,580,5260,0.602148,8011,511,5279,0.602784,6830,852,6119,0.527454,S-measured
e2e4_2026_09_02,ca4d67f,1,san-miguel.obj,incoherent,B,closest_improves_incumbent,62,18,0,11432,6470,511,4451,0.592437,6450,450,4532,0.587325,3676,4519,3237,0.531752,5264,815,5353,0.495809,5275,815,5342,0.496845,6402,560,4470,0.588852,5764,859,4809,0.545162,6113,628,4691,0.565809,6413,552,4467,0.589430,6374,552,4506,0.585846,6432,511,4489,0.588957,5746,892,4794,0.545161,S-measured
e2e4_2026_09_02,ca4d67f,1,san-miguel.obj,incoherent,B,closest_improves_incumbent,62,19,0,10384,5716,510,4158,0.578894,5677,466,4241,0.572394,2987,4677,2720,0.523392,4761,1019,4604,0.508382,4770,1019,4595,0.509343,5634,567,4183,0.573902,5167,896,4321,0.544583,5501,661,4222,0.565772,5653,561,4170,0.575486,5654,561,4169,0.575588,5668,527,4189,0.575023,5157,919,4308,0.544849,S-measured
e2e4_2026_09_02,ca4d67f,1,san-miguel.obj,incoherent,B,closest_improves_incumbent,62,20,0,8710,4774,580,3356,0.587208,4771,507,3432,0.581616,2523,4069,2118,0.543633,4027,890,3793,0.514962,4008,889,3813,0.512466,4673,634,3403,0.578628,4339,936,3435,0.558143,4573,718,3419,0.572197,4686,629,3395,0.579879,4654,630,3426,0.575990,4717,604,3389,0.581915,4330,952,3428,0.558134,S-measured
e2e4_2026_09_02,ca4d67f,1,san-miguel.obj,incoherent,B,closest_improves_incumbent,62,21,0,7683,4186,491,3006,0.582036,4176,471,3036,0.579035,1940,4070,1673,0.536950,3486,901,3296,0.514008,3491,901,3291,0.514745,4142,508,3033,0.577282,3649,820,3214,0.531692,4031,563,3089,0.566152,4117,504,3062,0.573478,4115,504,3064,0.573200,4128,492,3063,0.574051,3647,832,3204,0.532331,S-measured
e2e4_2026_09_02,ca4d67f,1,san-miguel.obj,incoherent,B,closest_improves_incumbent,62,22,0,6880,3713,560,2607,0.587500,3637,554,2689,0.574929,1535,4205,1140,0.573832,2955,1301,2624,0.529665,2958,1301,2621,0.530203,3617,572,2691,0.573399,3144,1079,2657,0.541976,3518,598,2764,0.560013,3605,563,2712,0.570682,3631,563,2686,0.574798,3653,560,2667,0.578006,3143,1082,2655,0.542083,S-measured
e2e4_2026_09_02,ca4d67f,1,san-miguel.obj,incoherent,B,closest_improves_incumbent,62,23,0,5298,2566,616,2116,0.548056,2569,611,2118,0.548112,862,3821,615,0.583615,2150,1156,1992,0.519073,2157,1156,1985,0.520763,2541,627,2130,0.543995,2278,933,2087,0.521879,2492,635,2171,0.534420,2538,621,2139,0.542656,2569,621,2108,0.549284,2568,620,2110,0.548953,2277,934,2087,0.521769,S-measured
e2e4_2026_09_02,ca4d67f,1,san-miguel.obj,incoherent,B,closest_improves_incumbent,62,24,0,2917,1495,257,1165,0.562030,1440,255,1222,0.540947,455,2202,260,0.636364,1247,575,1095,0.532451,1257,575,1085,0.536721,1456,262,1199,0.548399,1354,390,1173,0.535813,1421,266,1230,0.536024,1442,258,1217,0.542309,1459,258,1200,0.548703,1469,257,1191,0.552256,1354,391,1172,0.536025,S-measured
e2e4_2026_09_02,ca4d67f,1,san-miguel.obj,incoherent,B,closest_improves_incumbent,62,25,0,1344,681,95,568,0.545236,708,95,541,0.566853,160,1075,109,0.594796,579,211,554,0.511033,590,211,543,0.520741,688,96,560,0.551282,628,155,561,0.528175,675,98,571,0.541734,675,95,574,0.540432,684,95,565,0.547638,681,95,568,0.545236,628,155,561,0.528175,S-measured
e2e4_2026_09_02,ca4d67f,1,san-miguel.obj,incoherent,B,closest_improves_incumbent,62,26,0,516,244,27,245,0.498978,238,26,252,0.485714,43,417,56,0.434343,213,66,237,0.473333,215,66,235,0.477778,246,27,243,0.503067,239,45,232,0.507431,248,27,241,0.507157,238,27,251,0.486708,253,27,236,0.517382,248,27,241,0.507157,239,45,232,0.507431,S-measured
e2e4_2026_09_02,ca4d67f,1,san-miguel.obj,incoherent,B,closest_improves_incumbent,62,27,0,168,86,7,75,0.534161,81,6,81,0.500000,16,143,9,0.640000,78,12,78,0.500000,79,12,77,0.506410,77,7,84,0.478261,84,10,74,0.531646,76,7,85,0.472050,75,7,86,0.465839,75,7,86,0.465839,80,7,81,0.496894,84,10,74,0.531646,S-measured
e2e4_2026_09_02,ca4d67f,1,san-miguel.obj,incoherent,B,closest_improves_incumbent,62,28,0,51,31,1,19,0.620000,33,0,18,0.647059,6,43,2,0.750000,30,3,18,0.625000,31,3,17,0.645833,31,1,19,0.620000,29,1,21,0.580000,30,1,20,0.600000,31,1,19,0.620000,30,1,20,0.600000,30,1,20,0.600000,29,1,21,0.580000,S-measured
e2e4_2026_09_02,ca4d67f,1,san-miguel.obj,incoherent,B,closest_improves_incumbent,62,29,0,16,11,0,5,0.687500,11,0,5,0.687500,1,15,0,1.000000,9,0,7,0.562500,9,0,7,0.562500,11,0,5,0.687500,8,0,8,0.500000,10,0,6,0.625000,10,0,6,0.625000,9,0,7,0.562500,11,0,5,0.687500,8,0,8,0.500000,S-measured
e2e4_2026_09_02,ca4d67f,1,san-miguel.obj,incoherent,B,closest_improves_incumbent,62,30,0,2,0,0,2,0.000000,1,0,1,0.500000,0,2,0,,0,0,2,0.000000,0,0,2,0.000000,0,0,2,0.000000,1,0,1,0.500000,1,0,1,0.500000,0,0,2,0.000000,1,0,1,0.500000,0,0,2,0.000000,1,0,1,0.500000,S-measured
e2e4_2026_09_02,ca4d67f,1,san-miguel.obj,incoherent,B,closest_improves_incumbent,62,31,0,1,1,0,0,1.000000,1,0,0,1.000000,0,1,0,,1,0,0,1.000000,1,0,0,1.000000,1,0,0,1.000000,1,0,0,1.000000,1,0,0,1.000000,1,0,0,1.000000,1,0,0,1.000000,1,0,0,1.000000,1,0,0,1.000000,S-measured
