run_id,git_commit,dirty,scene,scene_sha256,builder,layout,mode,ray_set,ray_seed,rayset_hash,query_kind,ratio_bin,candidate_count,relevant_hit_count,false_positive_count,invalid_count,probe_node_steps,probe_prim_steps,probe_box_tests,probe_tri_tests,false_positive_node_steps,false_positive_prim_steps,false_positive_box_tests,false_positive_tri_tests,source_analytic,source_steps
d1_large_sampled_2026_08_31,970f092,1,intel-sponza.obj,f464f3684ce831af16f89da4cc6395e92c625bb6cf123b2bbe49ec33aed414a3,binned_sah,bvh2/slot32_aos,robust,primary,A,8269058876172130199,closest_improves_incumbent,q_00_10,5593,363,5230,0,1620,6435,3240,6435,1389,5982,2778,5982,S-analytic,S-probe-counterfactual
d1_large_sampled_2026_08_31,970f092,1,intel-sponza.obj,f464f3684ce831af16f89da4cc6395e92c625bb6cf123b2bbe49ec33aed414a3,binned_sah,bvh2/slot32_aos,robust,primary,A,8269058876172130199,closest_improves_incumbent,q_10_20,2978,396,2582,0,4046,6145,8092,6145,3467,5331,6934,5331,S-analytic,S-probe-counterfactual
d1_large_sampled_2026_08_31,970f092,1,intel-sponza.obj,f464f3684ce831af16f89da4cc6395e92c625bb6cf123b2bbe49ec33aed414a3,binned_sah,bvh2/slot32_aos,robust,primary,A,8269058876172130199,closest_improves_incumbent,q_20_30,2608,572,2036,0,4765,5447,9530,5447,3607,4227,7214,4227,S-analytic,S-probe-counterfactual
d1_large_sampled_2026_08_31,970f092,1,intel-sponza.obj,f464f3684ce831af16f89da4cc6395e92c625bb6cf123b2bbe49ec33aed414a3,binned_sah,bvh2/slot32_aos,robust,primary,A,8269058876172130199,closest_improves_incumbent,q_30_40,2365,591,1774,0,6369,5175,12738,5175,4264,3641,8528,3641,S-analytic,S-probe-counterfactual
d1_large_sampled_2026_08_31,970f092,1,intel-sponza.obj,f464f3684ce831af16f89da4cc6395e92c625bb6cf123b2bbe49ec33aed414a3,binned_sah,bvh2/slot32_aos,robust,primary,A,8269058876172130199,closest_improves_incumbent,q_40_50,13557,6021,7536,0,8646,16116,17292,16116,4449,8492,8898,8492,S-analytic,S-probe-counterfactual
d1_large_sampled_2026_08_31,970f092,1,intel-sponza.obj,f464f3684ce831af16f89da4cc6395e92c625bb6cf123b2bbe49ec33aed414a3,binned_sah,bvh2/slot32_aos,robust,primary,A,8269058876172130199,closest_improves_incumbent,q_50_60,4715,2146,2569,0,13459,8917,26918,8917,6185,3954,12370,3954,S-analytic,S-probe-counterfactual
d1_large_sampled_2026_08_31,970f092,1,intel-sponza.obj,f464f3684ce831af16f89da4cc6395e92c625bb6cf123b2bbe49ec33aed414a3,binned_sah,bvh2/slot32_aos,robust,primary,A,8269058876172130199,closest_improves_incumbent,q_60_70,4091,1891,2200,0,18546,8109,37092,8109,7407,2515,14814,2515,S-analytic,S-probe-counterfactual
d1_large_sampled_2026_08_31,970f092,1,intel-sponza.obj,f464f3684ce831af16f89da4cc6395e92c625bb6cf123b2bbe49ec33aed414a3,binned_sah,bvh2/slot32_aos,robust,primary,A,8269058876172130199,closest_improves_incumbent,q_70_80,5113,2954,2159,0,27236,11208,54472,11208,8143,2446,16286,2446,S-analytic,S-probe-counterfactual
d1_large_sampled_2026_08_31,970f092,1,intel-sponza.obj,f464f3684ce831af16f89da4cc6395e92c625bb6cf123b2bbe49ec33aed414a3,binned_sah,bvh2/slot32_aos,robust,primary,A,8269058876172130199,closest_improves_incumbent,q_80_90,7568,4438,3130,0,41016,16280,82032,16280,10487,2954,20974,2954,S-analytic,S-probe-counterfactual
d1_large_sampled_2026_08_31,970f092,1,intel-sponza.obj,f464f3684ce831af16f89da4cc6395e92c625bb6cf123b2bbe49ec33aed414a3,binned_sah,bvh2/slot32_aos,robust,primary,A,8269058876172130199,closest_improves_incumbent,q_90_100,20598,17417,3181,0,81233,41370,162466,41370,12854,2546,25708,2546,S-analytic,S-probe-counterfactual
d1_large_sampled_2026_08_31,970f092,1,intel-sponza.obj,f464f3684ce831af16f89da4cc6395e92c625bb6cf123b2bbe49ec33aed414a3,binned_sah,bvh2/slot32_aos,robust,primary,A,8269058876172130199,closest_improves_incumbent,raw_gt_1,70845,54427,16418,0,887597,177225,1775194,177225,105641,11667,211282,11667,S-analytic,S-probe-counterfactual
d1_large_sampled_2026_08_31,970f092,1,intel-sponza.obj,f464f3684ce831af16f89da4cc6395e92c625bb6cf123b2bbe49ec33aed414a3,binned_sah,bvh2/slot32_aos,robust,primary,A,8269058876172130199,closest_improves_incumbent,invalid,0,0,0,0,0,0,0,0,0,0,0,0,S-analytic,S-probe-counterfactual
d1_large_sampled_2026_08_31,970f092,1,intel-sponza.obj,f464f3684ce831af16f89da4cc6395e92c625bb6cf123b2bbe49ec33aed414a3,binned_sah,bvh2/slot32_aos,robust,shadow_ao,A,13059770834929451202,any_occluder_in_range,q_00_10,274230,2731,271499,0,76721,342652,153442,342652,75251,339230,150502,339230,S-analytic,S-probe-counterfactual
d1_large_sampled_2026_08_31,970f092,1,intel-sponza.obj,f464f3684ce831af16f89da4cc6395e92c625bb6cf123b2bbe49ec33aed414a3,binned_sah,bvh2/slot32_aos,robust,shadow_ao,A,13059770834929451202,any_occluder_in_range,q_10_20,141495,2850,138645,0,184915,296745,369830,296745,179816,291170,359632,291170,S-analytic,S-probe-counterfactual
d1_large_sampled_2026_08_31,970f092,1,intel-sponza.obj,f464f3684ce831af16f89da4cc6395e92c625bb6cf123b2bbe49ec33aed414a3,binned_sah,bvh2/slot32_aos,robust,shadow_ao,A,13059770834929451202,any_occluder_in_range,q_20_30,89774,3219,86555,0,187931,231778,375862,231778,180739,224956,361478,224956,S-analytic,S-probe-counterfactual
d1_large_sampled_2026_08_31,970f092,1,intel-sponza.obj,f464f3684ce831af16f89da4cc6395e92c625bb6cf123b2bbe49ec33aed414a3,binned_sah,bvh2/slot32_aos,robust,shadow_ao,A,13059770834929451202,any_occluder_in_range,q_30_40,79624,3811,75813,0,212725,210843,425450,210843,200322,201192,400644,201192,S-analytic,S-probe-counterfactual
d1_large_sampled_2026_08_31,970f092,1,intel-sponza.obj,f464f3684ce831af16f89da4cc6395e92c625bb6cf123b2bbe49ec33aed414a3,binned_sah,bvh2/slot32_aos,robust,shadow_ao,A,13059770834929451202,any_occluder_in_range,q_40_50,128495,6894,121601,0,300462,262591,600924,262591,277296,246696,554592,246696,S-analytic,S-probe-counterfactual
d1_large_sampled_2026_08_31,970f092,1,intel-sponza.obj,f464f3684ce831af16f89da4cc6395e92c625bb6cf123b2bbe49ec33aed414a3,binned_sah,bvh2/slot32_aos,robust,shadow_ao,A,13059770834929451202,any_occluder_in_range,q_50_60,97037,7810,89227,0,435245,243455,870490,243455,396285,222876,792570,222876,S-analytic,S-probe-counterfactual
d1_large_sampled_2026_08_31,970f092,1,intel-sponza.obj,f464f3684ce831af16f89da4cc6395e92c625bb6cf123b2bbe49ec33aed414a3,binned_sah,bvh2/slot32_aos,robust,shadow_ao,A,13059770834929451202,any_occluder_in_range,q_60_70,123395,7674,115721,0,662074,316063,1324148,316063,598032,285538,1196064,285538,S-analytic,S-probe-counterfactual
d1_large_sampled_2026_08_31,970f092,1,intel-sponza.obj,f464f3684ce831af16f89da4cc6395e92c625bb6cf123b2bbe49ec33aed414a3,binned_sah,bvh2/slot32_aos,robust,shadow_ao,A,13059770834929451202,any_occluder_in_range,q_70_80,129337,8169,121168,0,858035,370926,1716070,370926,774907,333831,1549814,333831,S-analytic,S-probe-counterfactual
d1_large_sampled_2026_08_31,970f092,1,intel-sponza.obj,f464f3684ce831af16f89da4cc6395e92c625bb6cf123b2bbe49ec33aed414a3,binned_sah,bvh2/slot32_aos,robust,shadow_ao,A,13059770834929451202,any_occluder_in_range,q_80_90,140900,9072,131828,0,1110549,464683,2221098,464683,1003445,418344,2006890,418344,S-analytic,S-probe-counterfactual
d1_large_sampled_2026_08_31,970f092,1,intel-sponza.obj,f464f3684ce831af16f89da4cc6395e92c625bb6cf123b2bbe49ec33aed414a3,binned_sah,bvh2/slot32_aos,robust,shadow_ao,A,13059770834929451202,any_occluder_in_range,q_90_100,171069,14667,156402,0,1329823,529336,2659646,529336,1185854,465294,2371708,465294,S-analytic,S-probe-counterfactual
d1_large_sampled_2026_08_31,970f092,1,intel-sponza.obj,f464f3684ce831af16f89da4cc6395e92c625bb6cf123b2bbe49ec33aed414a3,binned_sah,bvh2/slot32_aos,robust,shadow_ao,A,13059770834929451202,any_occluder_in_range,raw_gt_1,1011919,96389,915530,0,16760870,4190531,33521740,4190531,14158721,3338167,28317442,3338167,S-analytic,S-probe-counterfactual
d1_large_sampled_2026_08_31,970f092,1,intel-sponza.obj,f464f3684ce831af16f89da4cc6395e92c625bb6cf123b2bbe49ec33aed414a3,binned_sah,bvh2/slot32_aos,robust,shadow_ao,A,13059770834929451202,any_occluder_in_range,invalid,0,0,0,0,0,0,0,0,0,0,0,0,S-analytic,S-probe-counterfactual
d1_large_sampled_2026_08_31,970f092,1,intel-sponza.obj,f464f3684ce831af16f89da4cc6395e92c625bb6cf123b2bbe49ec33aed414a3,binned_sah,bvh2/slot32_aos,robust,shadow_ao,B,10273955076000355927,any_occluder_in_range,q_00_10,273865,2898,270967,0,76467,341928,152934,341928,74945,338303,149890,338303,S-analytic,S-probe-counterfactual
d1_large_sampled_2026_08_31,970f092,1,intel-sponza.obj,f464f3684ce831af16f89da4cc6395e92c625bb6cf123b2bbe49ec33aed414a3,binned_sah,bvh2/slot32_aos,robust,shadow_ao,B,10273955076000355927,any_occluder_in_range,q_10_20,142323,3071,139252,0,185738,298145,371476,298145,180410,292247,360820,292247,S-analytic,S-probe-counterfactual
d1_large_sampled_2026_08_31,970f092,1,intel-sponza.obj,f464f3684ce831af16f89da4cc6395e92c625bb6cf123b2bbe49ec33aed414a3,binned_sah,bvh2/slot32_aos,robust,shadow_ao,B,10273955076000355927,any_occluder_in_range,q_20_30,89534,3350,86184,0,187348,231409,374696,231409,179689,223902,359378,223902,S-analytic,S-probe-counterfactual
d1_large_sampled_2026_08_31,970f092,1,intel-sponza.obj,f464f3684ce831af16f89da4cc6395e92c625bb6cf123b2bbe49ec33aed414a3,binned_sah,bvh2/slot32_aos,robust,shadow_ao,B,10273955076000355927,any_occluder_in_range,q_30_40,80126,4055,76071,0,213713,212270,427426,212270,199673,201358,399346,201358,S-analytic,S-probe-counterfactual
d1_large_sampled_2026_08_31,970f092,1,intel-sponza.obj,f464f3684ce831af16f89da4cc6395e92c625bb6cf123b2bbe49ec33aed414a3,binned_sah,bvh2/slot32_aos,robust,shadow_ao,B,10273955076000355927,any_occluder_in_range,q_40_50,128572,7056,121516,0,302484,262994,604968,262994,278175,246232,556350,246232,S-analytic,S-probe-counterfactual
d1_large_sampled_2026_08_31,970f092,1,intel-sponza.obj,f464f3684ce831af16f89da4cc6395e92c625bb6cf123b2bbe49ec33aed414a3,binned_sah,bvh2/slot32_aos,robust,shadow_ao,B,10273955076000355927,any_occluder_in_range,q_50_60,97944,8316,89628,0,441441,247317,882882,247317,398083,223556,796166,223556,S-analytic,S-probe-counterfactual
d1_large_sampled_2026_08_31,970f092,1,intel-sponza.obj,f464f3684ce831af16f89da4cc6395e92c625bb6cf123b2bbe49ec33aed414a3,binned_sah,bvh2/slot32_aos,robust,shadow_ao,B,10273955076000355927,any_occluder_in_range,q_60_70,123709,8087,115622,0,665846,317543,1331692,317543,599534,286234,1199068,286234,S-analytic,S-probe-counterfactual
d1_large_sampled_2026_08_31,970f092,1,intel-sponza.obj,f464f3684ce831af16f89da4cc6395e92c625bb6cf123b2bbe49ec33aed414a3,binned_sah,bvh2/slot32_aos,robust,shadow_ao,B,10273955076000355927,any_occluder_in_range,q_70_80,129477,8298,121179,0,859017,369892,1718034,369892,773144,330805,1546288,330805,S-analytic,S-probe-counterfactual
d1_large_sampled_2026_08_31,970f092,1,intel-sponza.obj,f464f3684ce831af16f89da4cc6395e92c625bb6cf123b2bbe49ec33aed414a3,binned_sah,bvh2/slot32_aos,robust,shadow_ao,B,10273955076000355927,any_occluder_in_range,q_80_90,140447,9693,130754,0,1109389,461433,2218778,461433,994463,412908,1988926,412908,S-analytic,S-probe-counterfactual
d1_large_sampled_2026_08_31,970f092,1,intel-sponza.obj,f464f3684ce831af16f89da4cc6395e92c625bb6cf123b2bbe49ec33aed414a3,binned_sah,bvh2/slot32_aos,robust,shadow_ao,B,10273955076000355927,any_occluder_in_range,q_90_100,171030,14731,156299,0,1332163,526028,2664326,526028,1179761,457030,2359522,457030,S-analytic,S-probe-counterfactual
d1_large_sampled_2026_08_31,970f092,1,intel-sponza.obj,f464f3684ce831af16f89da4cc6395e92c625bb6cf123b2bbe49ec33aed414a3,binned_sah,bvh2/slot32_aos,robust,shadow_ao,B,10273955076000355927,any_occluder_in_range,raw_gt_1,1011389,99556,911833,0,16774468,4198827,33548936,4198827,14056709,3293638,28113418,3293638,S-analytic,S-probe-counterfactual
d1_large_sampled_2026_08_31,970f092,1,intel-sponza.obj,f464f3684ce831af16f89da4cc6395e92c625bb6cf123b2bbe49ec33aed414a3,binned_sah,bvh2/slot32_aos,robust,shadow_ao,B,10273955076000355927,any_occluder_in_range,invalid,0,0,0,0,0,0,0,0,0,0,0,0,S-analytic,S-probe-counterfactual
d1_large_sampled_2026_08_31,970f092,1,intel-sponza.obj,f464f3684ce831af16f89da4cc6395e92c625bb6cf123b2bbe49ec33aed414a3,binned_sah,bvh2/slot32_aos,robust,diffuse_1,A,6850038901228734019,closest_improves_incumbent,q_00_10,4394,71,4323,0,1233,5451,2466,5451,1198,5349,2396,5349,S-analytic,S-probe-counterfactual
d1_large_sampled_2026_08_31,970f092,1,intel-sponza.obj,f464f3684ce831af16f89da4cc6395e92c625bb6cf123b2bbe49ec33aed414a3,binned_sah,bvh2/slot32_aos,robust,diffuse_1,A,6850038901228734019,closest_improves_incumbent,q_10_20,2383,61,2322,0,3048,4885,6096,4885,2938,4741,5876,4741,S-analytic,S-probe-counterfactual
d1_large_sampled_2026_08_31,970f092,1,intel-sponza.obj,f464f3684ce831af16f89da4cc6395e92c625bb6cf123b2bbe49ec33aed414a3,binned_sah,bvh2/slot32_aos,robust,diffuse_1,A,6850038901228734019,closest_improves_incumbent,q_20_30,1589,77,1512,0,3067,3918,6134,3918,2870,3709,5740,3709,S-analytic,S-probe-counterfactual
d1_large_sampled_2026_08_31,970f092,1,intel-sponza.obj,f464f3684ce831af16f89da4cc6395e92c625bb6cf123b2bbe49ec33aed414a3,binned_sah,bvh2/slot32_aos,robust,diffuse_1,A,6850038901228734019,closest_improves_incumbent,q_30_40,1485,93,1392,0,3741,3651,7482,3651,3467,3411,6934,3411,S-analytic,S-probe-counterfactual
d1_large_sampled_2026_08_31,970f092,1,intel-sponza.obj,f464f3684ce831af16f89da4cc6395e92c625bb6cf123b2bbe49ec33aed414a3,binned_sah,bvh2/slot32_aos,robust,diffuse_1,A,6850038901228734019,closest_improves_incumbent,q_40_50,2425,183,2242,0,5275,4686,10550,4686,4886,4331,9772,4331,S-analytic,S-probe-counterfactual
d1_large_sampled_2026_08_31,970f092,1,intel-sponza.obj,f464f3684ce831af16f89da4cc6395e92c625bb6cf123b2bbe49ec33aed414a3,binned_sah,bvh2/slot32_aos,robust,diffuse_1,A,6850038901228734019,closest_improves_incumbent,q_50_60,1922,208,1714,0,8504,4748,17008,4748,7500,4173,15000,4173,S-analytic,S-probe-counterfactual
d1_large_sampled_2026_08_31,970f092,1,intel-sponza.obj,f464f3684ce831af16f89da4cc6395e92c625bb6cf123b2bbe49ec33aed414a3,binned_sah,bvh2/slot32_aos,robust,diffuse_1,A,6850038901228734019,closest_improves_incumbent,q_60_70,2270,191,2079,0,12408,5687,24816,5687,10922,5020,21844,5020,S-analytic,S-probe-counterfactual
d1_large_sampled_2026_08_31,970f092,1,intel-sponza.obj,f464f3684ce831af16f89da4cc6395e92c625bb6cf123b2bbe49ec33aed414a3,binned_sah,bvh2/slot32_aos,robust,diffuse_1,A,6850038901228734019,closest_improves_incumbent,q_70_80,2216,202,2014,0,14993,6302,29986,6302,13180,5548,26360,5548,S-analytic,S-probe-counterfactual
d1_large_sampled_2026_08_31,970f092,1,intel-sponza.obj,f464f3684ce831af16f89da4cc6395e92c625bb6cf123b2bbe49ec33aed414a3,binned_sah,bvh2/slot32_aos,robust,diffuse_1,A,6850038901228734019,closest_improves_incumbent,q_80_90,2431,248,2183,0,19342,8264,38684,8264,16578,7158,33156,7158,S-analytic,S-probe-counterfactual
d1_large_sampled_2026_08_31,970f092,1,intel-sponza.obj,f464f3684ce831af16f89da4cc6395e92c625bb6cf123b2bbe49ec33aed414a3,binned_sah,bvh2/slot32_aos,robust,diffuse_1,A,6850038901228734019,closest_improves_incumbent,q_90_100,3032,429,2603,0,23463,9375,46926,9375,19772,7750,39544,7750,S-analytic,S-probe-counterfactual
d1_large_sampled_2026_08_31,970f092,1,intel-sponza.obj,f464f3684ce831af16f89da4cc6395e92c625bb6cf123b2bbe49ec33aed414a3,binned_sah,bvh2/slot32_aos,robust,diffuse_1,A,6850038901228734019,closest_improves_incumbent,raw_gt_1,17601,2559,15042,0,299873,71802,599746,71802,227319,53231,454638,53231,S-analytic,S-probe-counterfactual
d1_large_sampled_2026_08_31,970f092,1,intel-sponza.obj,f464f3684ce831af16f89da4cc6395e92c625bb6cf123b2bbe49ec33aed414a3,binned_sah,bvh2/slot32_aos,robust,diffuse_1,A,6850038901228734019,closest_improves_incumbent,invalid,0,0,0,0,0,0,0,0,0,0,0,0,S-analytic,S-probe-counterfactual
d1_large_sampled_2026_08_31,970f092,1,intel-sponza.obj,f464f3684ce831af16f89da4cc6395e92c625bb6cf123b2bbe49ec33aed414a3,binned_sah,bvh2/slot32_aos,robust,diffuse_1,B,4471768159497229620,closest_improves_incumbent,q_00_10,4275,67,4208,0,1293,5411,2586,5411,1257,5313,2514,5313,S-analytic,S-probe-counterfactual
d1_large_sampled_2026_08_31,970f092,1,intel-sponza.obj,f464f3684ce831af16f89da4cc6395e92c625bb6cf123b2bbe49ec33aed414a3,binned_sah,bvh2/slot32_aos,robust,diffuse_1,B,4471768159497229620,closest_improves_incumbent,q_10_20,2288,71,2217,0,3020,4789,6040,4789,2876,4607,5752,4607,S-analytic,S-probe-counterfactual
d1_large_sampled_2026_08_31,970f092,1,intel-sponza.obj,f464f3684ce831af16f89da4cc6395e92c625bb6cf123b2bbe49ec33aed414a3,binned_sah,bvh2/slot32_aos,robust,diffuse_1,B,4471768159497229620,closest_improves_incumbent,q_20_30,1523,75,1448,0,2955,3699,5910,3699,2816,3535,5632,3535,S-analytic,S-probe-counterfactual
d1_large_sampled_2026_08_31,970f092,1,intel-sponza.obj,f464f3684ce831af16f89da4cc6395e92c625bb6cf123b2bbe49ec33aed414a3,binned_sah,bvh2/slot32_aos,robust,diffuse_1,B,4471768159497229620,closest_improves_incumbent,q_30_40,1379,82,1297,0,3684,3569,7368,3569,3363,3335,6726,3335,S-analytic,S-probe-counterfactual
d1_large_sampled_2026_08_31,970f092,1,intel-sponza.obj,f464f3684ce831af16f89da4cc6395e92c625bb6cf123b2bbe49ec33aed414a3,binned_sah,bvh2/slot32_aos,robust,diffuse_1,B,4471768159497229620,closest_improves_incumbent,q_40_50,2348,204,2144,0,5011,4478,10022,4478,4508,4016,9016,4016,S-analytic,S-probe-counterfactual
d1_large_sampled_2026_08_31,970f092,1,intel-sponza.obj,f464f3684ce831af16f89da4cc6395e92c625bb6cf123b2bbe49ec33aed414a3,binned_sah,bvh2/slot32_aos,robust,diffuse_1,B,4471768159497229620,closest_improves_incumbent,q_50_60,1745,199,1546,0,7495,4168,14990,4168,6528,3586,13056,3586,S-analytic,S-probe-counterfactual
d1_large_sampled_2026_08_31,970f092,1,intel-sponza.obj,f464f3684ce831af16f89da4cc6395e92c625bb6cf123b2bbe49ec33aed414a3,binned_sah,bvh2/slot32_aos,robust,diffuse_1,B,4471768159497229620,closest_improves_incumbent,q_60_70,2064,203,1861,0,11425,5537,22850,5537,9769,4808,19538,4808,S-analytic,S-probe-counterfactual
d1_large_sampled_2026_08_31,970f092,1,intel-sponza.obj,f464f3684ce831af16f89da4cc6395e92c625bb6cf123b2bbe49ec33aed414a3,binned_sah,bvh2/slot32_aos,robust,diffuse_1,B,4471768159497229620,closest_improves_incumbent,q_70_80,2286,234,2052,0,14333,6004,28666,6004,12211,5069,24422,5069,S-analytic,S-probe-counterfactual
d1_large_sampled_2026_08_31,970f092,1,intel-sponza.obj,f464f3684ce831af16f89da4cc6395e92c625bb6cf123b2bbe49ec33aed414a3,binned_sah,bvh2/slot32_aos,robust,diffuse_1,B,4471768159497229620,closest_improves_incumbent,q_80_90,2448,244,2204,0,19203,7860,38406,7860,16582,6862,33164,6862,S-analytic,S-probe-counterfactual
d1_large_sampled_2026_08_31,970f092,1,intel-sponza.obj,f464f3684ce831af16f89da4cc6395e92c625bb6cf123b2bbe49ec33aed414a3,binned_sah,bvh2/slot32_aos,robust,diffuse_1,B,4471768159497229620,closest_improves_incumbent,q_90_100,2946,389,2557,0,21992,8839,43984,8839,19143,7618,38286,7618,S-analytic,S-probe-counterfactual
d1_large_sampled_2026_08_31,970f092,1,intel-sponza.obj,f464f3684ce831af16f89da4cc6395e92c625bb6cf123b2bbe49ec33aed414a3,binned_sah,bvh2/slot32_aos,robust,diffuse_1,B,4471768159497229620,closest_improves_incumbent,raw_gt_1,17548,2556,14992,0,291383,70647,582766,70647,225518,55181,451036,55181,S-analytic,S-probe-counterfactual
d1_large_sampled_2026_08_31,970f092,1,intel-sponza.obj,f464f3684ce831af16f89da4cc6395e92c625bb6cf123b2bbe49ec33aed414a3,binned_sah,bvh2/slot32_aos,robust,diffuse_1,B,4471768159497229620,closest_improves_incumbent,invalid,0,0,0,0,0,0,0,0,0,0,0,0,S-analytic,S-probe-counterfactual
d1_large_sampled_2026_08_31,970f092,1,intel-sponza.obj,f464f3684ce831af16f89da4cc6395e92c625bb6cf123b2bbe49ec33aed414a3,binned_sah,bvh2/slot32_aos,robust,incoherent,A,8013385005280786154,closest_improves_incumbent,q_00_10,10014,290,9724,0,5348,10324,10696,10324,5073,9935,10146,9935,S-analytic,S-probe-counterfactual
d1_large_sampled_2026_08_31,970f092,1,intel-sponza.obj,f464f3684ce831af16f89da4cc6395e92c625bb6cf123b2bbe49ec33aed414a3,binned_sah,bvh2/slot32_aos,robust,incoherent,A,8013385005280786154,closest_improves_incumbent,q_10_20,8275,802,7473,0,11370,10626,22740,10626,9293,9175,18586,9175,S-analytic,S-probe-counterfactual
d1_large_sampled_2026_08_31,970f092,1,intel-sponza.obj,f464f3684ce831af16f89da4cc6395e92c625bb6cf123b2bbe49ec33aed414a3,binned_sah,bvh2/slot32_aos,robust,incoherent,A,8013385005280786154,closest_improves_incumbent,q_20_30,9145,1525,7620,0,17228,11149,34456,11149,12131,8165,24262,8165,S-analytic,S-probe-counterfactual
d1_large_sampled_2026_08_31,970f092,1,intel-sponza.obj,f464f3684ce831af16f89da4cc6395e92c625bb6cf123b2bbe49ec33aed414a3,binned_sah,bvh2/slot32_aos,robust,incoherent,A,8013385005280786154,closest_improves_incumbent,q_30_40,11719,2614,9105,0,26412,13483,52824,13483,16446,8313,32892,8313,S-analytic,S-probe-counterfactual
d1_large_sampled_2026_08_31,970f092,1,intel-sponza.obj,f464f3684ce831af16f89da4cc6395e92c625bb6cf123b2bbe49ec33aed414a3,binned_sah,bvh2/slot32_aos,robust,incoherent,A,8013385005280786154,closest_improves_incumbent,q_40_50,43342,17346,25996,0,50827,46210,101654,46210,25960,23120,51920,23120,S-analytic,S-probe-counterfactual
d1_large_sampled_2026_08_31,970f092,1,intel-sponza.obj,f464f3684ce831af16f89da4cc6395e92c625bb6cf123b2bbe49ec33aed414a3,binned_sah,bvh2/slot32_aos,robust,incoherent,A,8013385005280786154,closest_improves_incumbent,q_50_60,24790,9590,15200,0,74939,32035,149878,32035,33761,12115,67522,12115,S-analytic,S-probe-counterfactual
d1_large_sampled_2026_08_31,970f092,1,intel-sponza.obj,f464f3684ce831af16f89da4cc6395e92c625bb6cf123b2bbe49ec33aed414a3,binned_sah,bvh2/slot32_aos,robust,incoherent,A,8013385005280786154,closest_improves_incumbent,q_60_70,23845,9627,14218,0,110318,35144,220636,35144,43756,9258,87512,9258,S-analytic,S-probe-counterfactual
d1_large_sampled_2026_08_31,970f092,1,intel-sponza.obj,f464f3684ce831af16f89da4cc6395e92c625bb6cf123b2bbe49ec33aed414a3,binned_sah,bvh2/slot32_aos,robust,incoherent,A,8013385005280786154,closest_improves_incumbent,q_70_80,28274,12855,15419,0,142085,42398,284170,42398,50222,9222,100444,9222,S-analytic,S-probe-counterfactual
d1_large_sampled_2026_08_31,970f092,1,intel-sponza.obj,f464f3684ce831af16f89da4cc6395e92c625bb6cf123b2bbe49ec33aed414a3,binned_sah,bvh2/slot32_aos,robust,incoherent,A,8013385005280786154,closest_improves_incumbent,q_80_90,32793,16460,16333,0,169106,49148,338212,49148,54732,9043,109464,9043,S-analytic,S-probe-counterfactual
d1_large_sampled_2026_08_31,970f092,1,intel-sponza.obj,f464f3684ce831af16f89da4cc6395e92c625bb6cf123b2bbe49ec33aed414a3,binned_sah,bvh2/slot32_aos,robust,incoherent,A,8013385005280786154,closest_improves_incumbent,q_90_100,66979,48416,18563,0,261175,107540,522350,107540,63852,9203,127704,9203,S-analytic,S-probe-counterfactual
d1_large_sampled_2026_08_31,970f092,1,intel-sponza.obj,f464f3684ce831af16f89da4cc6395e92c625bb6cf123b2bbe49ec33aed414a3,binned_sah,bvh2/slot32_aos,robust,incoherent,A,8013385005280786154,closest_improves_incumbent,raw_gt_1,306946,183925,123021,0,3860806,540902,7721612,540902,689765,38355,1379530,38355,S-analytic,S-probe-counterfactual
d1_large_sampled_2026_08_31,970f092,1,intel-sponza.obj,f464f3684ce831af16f89da4cc6395e92c625bb6cf123b2bbe49ec33aed414a3,binned_sah,bvh2/slot32_aos,robust,incoherent,A,8013385005280786154,closest_improves_incumbent,invalid,0,0,0,0,0,0,0,0,0,0,0,0,S-analytic,S-probe-counterfactual
d1_large_sampled_2026_08_31,970f092,1,intel-sponza.obj,f464f3684ce831af16f89da4cc6395e92c625bb6cf123b2bbe49ec33aed414a3,binned_sah,bvh2/slot32_aos,robust,incoherent,B,367347189724506459,closest_improves_incumbent,q_00_10,8840,296,8544,0,4502,8744,9004,8744,4213,8332,8426,8332,S-analytic,S-probe-counterfactual
d1_large_sampled_2026_08_31,970f092,1,intel-sponza.obj,f464f3684ce831af16f89da4cc6395e92c625bb6cf123b2bbe49ec33aed414a3,binned_sah,bvh2/slot32_aos,robust,incoherent,B,367347189724506459,closest_improves_incumbent,q_10_20,7997,786,7211,0,10740,9947,21480,9947,8692,8490,17384,8490,S-analytic,S-probe-counterfactual
d1_large_sampled_2026_08_31,970f092,1,intel-sponza.obj,f464f3684ce831af16f89da4cc6395e92c625bb6cf123b2bbe49ec33aed414a3,binned_sah,bvh2/slot32_aos,robust,incoherent,B,367347189724506459,closest_improves_incumbent,q_20_30,8641,1496,7145,0,15862,10117,31724,10117,10956,7306,21912,7306,S-analytic,S-probe-counterfactual
d1_large_sampled_2026_08_31,970f092,1,intel-sponza.obj,f464f3684ce831af16f89da4cc6395e92c625bb6cf123b2bbe49ec33aed414a3,binned_sah,bvh2/slot32_aos,robust,incoherent,B,367347189724506459,closest_improves_incumbent,q_30_40,11340,2593,8747,0,25791,12602,51582,12602,15505,7416,31010,7416,S-analytic,S-probe-counterfactual
d1_large_sampled_2026_08_31,970f092,1,intel-sponza.obj,f464f3684ce831af16f89da4cc6395e92c625bb6cf123b2bbe49ec33aed414a3,binned_sah,bvh2/slot32_aos,robust,incoherent,B,367347189724506459,closest_improves_incumbent,q_40_50,42364,17006,25358,0,47952,44551,95904,44551,24413,21960,48826,21960,S-analytic,S-probe-counterfactual
d1_large_sampled_2026_08_31,970f092,1,intel-sponza.obj,f464f3684ce831af16f89da4cc6395e92c625bb6cf123b2bbe49ec33aed414a3,binned_sah,bvh2/slot32_aos,robust,incoherent,B,367347189724506459,closest_improves_incumbent,q_50_60,24608,9685,14923,0,71119,30312,142238,30312,31695,10929,63390,10929,S-analytic,S-probe-counterfactual
d1_large_sampled_2026_08_31,970f092,1,intel-sponza.obj,f464f3684ce831af16f89da4cc6395e92c625bb6cf123b2bbe49ec33aed414a3,binned_sah,bvh2/slot32_aos,robust,incoherent,B,367347189724506459,closest_improves_incumbent,q_60_70,22837,9342,13495,0,104593,32780,209186,32780,40787,8500,81574,8500,S-analytic,S-probe-counterfactual
d1_large_sampled_2026_08_31,970f092,1,intel-sponza.obj,f464f3684ce831af16f89da4cc6395e92c625bb6cf123b2bbe49ec33aed414a3,binned_sah,bvh2/slot32_aos,robust,incoherent,B,367347189724506459,closest_improves_incumbent,q_70_80,27060,12573,14487,0,132989,39398,265978,39398,45609,7991,91218,7991,S-analytic,S-probe-counterfactual
d1_large_sampled_2026_08_31,970f092,1,intel-sponza.obj,f464f3684ce831af16f89da4cc6395e92c625bb6cf123b2bbe49ec33aed414a3,binned_sah,bvh2/slot32_aos,robust,incoherent,B,367347189724506459,closest_improves_incumbent,q_80_90,32328,16276,16052,0,167026,47895,334052,47895,52622,8573,105244,8573,S-analytic,S-probe-counterfactual
d1_large_sampled_2026_08_31,970f092,1,intel-sponza.obj,f464f3684ce831af16f89da4cc6395e92c625bb6cf123b2bbe49ec33aed414a3,binned_sah,bvh2/slot32_aos,robust,incoherent,B,367347189724506459,closest_improves_incumbent,q_90_100,66537,48523,18014,0,254426,106480,508852,106480,61203,9356,122406,9356,S-analytic,S-probe-counterfactual
d1_large_sampled_2026_08_31,970f092,1,intel-sponza.obj,f464f3684ce831af16f89da4cc6395e92c625bb6cf123b2bbe49ec33aed414a3,binned_sah,bvh2/slot32_aos,robust,incoherent,B,367347189724506459,closest_improves_incumbent,raw_gt_1,303553,182557,120996,0,3779550,519873,7559100,519873,673566,36988,1347132,36988,S-analytic,S-probe-counterfactual
d1_large_sampled_2026_08_31,970f092,1,intel-sponza.obj,f464f3684ce831af16f89da4cc6395e92c625bb6cf123b2bbe49ec33aed414a3,binned_sah,bvh2/slot32_aos,robust,incoherent,B,367347189724506459,closest_improves_incumbent,invalid,0,0,0,0,0,0,0,0,0,0,0,0,S-analytic,S-probe-counterfactual
d1_large_sampled_2026_08_31,970f092,1,hairball.obj,1fc018d947fbd9d5099dea9bc104ae38a708f25ac2dedeb1f5b722ac79b96465,binned_sah,bvh2/slot32_aos,robust,primary,A,15603933574072774811,closest_improves_incumbent,q_00_10,91696,2075,89621,0,44459,123884,88918,123884,42539,120302,85078,120302,S-analytic,S-probe-counterfactual
d1_large_sampled_2026_08_31,970f092,1,hairball.obj,1fc018d947fbd9d5099dea9bc104ae38a708f25ac2dedeb1f5b722ac79b96465,binned_sah,bvh2/slot32_aos,robust,primary,A,15603933574072774811,closest_improves_incumbent,q_10_20,62653,3665,58988,0,159198,149873,318396,149873,143465,135081,286930,135081,S-analytic,S-probe-counterfactual
d1_large_sampled_2026_08_31,970f092,1,hairball.obj,1fc018d947fbd9d5099dea9bc104ae38a708f25ac2dedeb1f5b722ac79b96465,binned_sah,bvh2/slot32_aos,robust,primary,A,15603933574072774811,closest_improves_incumbent,q_20_30,43007,4112,38895,0,220005,150736,440010,150736,187079,125153,374158,125153,S-analytic,S-probe-counterfactual
d1_large_sampled_2026_08_31,970f092,1,hairball.obj,1fc018d947fbd9d5099dea9bc104ae38a708f25ac2dedeb1f5b722ac79b96465,binned_sah,bvh2/slot32_aos,robust,primary,A,15603933574072774811,closest_improves_incumbent,q_30_40,33479,4112,29367,0,229505,139162,459010,139162,185815,108063,371630,108063,S-analytic,S-probe-counterfactual
d1_large_sampled_2026_08_31,970f092,1,hairball.obj,1fc018d947fbd9d5099dea9bc104ae38a708f25ac2dedeb1f5b722ac79b96465,binned_sah,bvh2/slot32_aos,robust,primary,A,15603933574072774811,closest_improves_incumbent,q_40_50,26338,3964,22374,0,224573,125324,449146,125324,171696,90822,343392,90822,S-analytic,S-probe-counterfactual
d1_large_sampled_2026_08_31,970f092,1,hairball.obj,1fc018d947fbd9d5099dea9bc104ae38a708f25ac2dedeb1f5b722ac79b96465,binned_sah,bvh2/slot32_aos,robust,primary,A,15603933574072774811,closest_improves_incumbent,q_50_60,19650,3251,16399,0,189541,101480,379082,101480,141654,71266,283308,71266,S-analytic,S-probe-counterfactual
d1_large_sampled_2026_08_31,970f092,1,hairball.obj,1fc018d947fbd9d5099dea9bc104ae38a708f25ac2dedeb1f5b722ac79b96465,binned_sah,bvh2/slot32_aos,robust,primary,A,15603933574072774811,closest_improves_incumbent,q_60_70,14548,2834,11714,0,156633,82355,313266,82355,111270,54192,222540,54192,S-analytic,S-probe-counterfactual
d1_large_sampled_2026_08_31,970f092,1,hairball.obj,1fc018d947fbd9d5099dea9bc104ae38a708f25ac2dedeb1f5b722ac79b96465,binned_sah,bvh2/slot32_aos,robust,primary,A,15603933574072774811,closest_improves_incumbent,q_70_80,12078,2467,9611,0,148486,69014,296972,69014,100644,41851,201288,41851,S-analytic,S-probe-counterfactual
d1_large_sampled_2026_08_31,970f092,1,hairball.obj,1fc018d947fbd9d5099dea9bc104ae38a708f25ac2dedeb1f5b722ac79b96465,binned_sah,bvh2/slot32_aos,robust,primary,A,15603933574072774811,closest_improves_incumbent,q_80_90,8359,1887,6472,0,117123,52191,234246,52191,75973,30455,151946,30455,S-analytic,S-probe-counterfactual
d1_large_sampled_2026_08_31,970f092,1,hairball.obj,1fc018d947fbd9d5099dea9bc104ae38a708f25ac2dedeb1f5b722ac79b96465,binned_sah,bvh2/slot32_aos,robust,primary,A,15603933574072774811,closest_improves_incumbent,q_90_100,6569,1437,5132,0,101705,41452,203410,41452,65297,23491,130594,23491,S-analytic,S-probe-counterfactual
d1_large_sampled_2026_08_31,970f092,1,hairball.obj,1fc018d947fbd9d5099dea9bc104ae38a708f25ac2dedeb1f5b722ac79b96465,binned_sah,bvh2/slot32_aos,robust,primary,A,15603933574072774811,closest_improves_incumbent,raw_gt_1,89950,29292,60658,0,3157331,1023969,6314662,1023969,1128195,277072,2256390,277072,S-analytic,S-probe-counterfactual
d1_large_sampled_2026_08_31,970f092,1,hairball.obj,1fc018d947fbd9d5099dea9bc104ae38a708f25ac2dedeb1f5b722ac79b96465,binned_sah,bvh2/slot32_aos,robust,primary,A,15603933574072774811,closest_improves_incumbent,invalid,0,0,0,0,0,0,0,0,0,0,0,0,S-analytic,S-probe-counterfactual
d1_large_sampled_2026_08_31,970f092,1,hairball.obj,1fc018d947fbd9d5099dea9bc104ae38a708f25ac2dedeb1f5b722ac79b96465,binned_sah,bvh2/slot32_aos,robust,shadow_ao,A,6038965400659644694,any_occluder_in_range,q_00_10,41707,884,40823,0,19227,56033,38454,56033,18617,54841,37234,54841,S-analytic,S-probe-counterfactual
d1_large_sampled_2026_08_31,970f092,1,hairball.obj,1fc018d947fbd9d5099dea9bc104ae38a708f25ac2dedeb1f5b722ac79b96465,binned_sah,bvh2/slot32_aos,robust,shadow_ao,A,6038965400659644694,any_occluder_in_range,q_10_20,27706,1637,26069,0,66722,65163,133444,65163,61502,61151,123004,61151,S-analytic,S-probe-counterfactual
d1_large_sampled_2026_08_31,970f092,1,hairball.obj,1fc018d947fbd9d5099dea9bc104ae38a708f25ac2dedeb1f5b722ac79b96465,binned_sah,bvh2/slot32_aos,robust,shadow_ao,A,6038965400659644694,any_occluder_in_range,q_20_30,19520,1838,17682,0,93709,64347,187418,64347,83175,57959,166350,57959,S-analytic,S-probe-counterfactual
d1_large_sampled_2026_08_31,970f092,1,hairball.obj,1fc018d947fbd9d5099dea9bc104ae38a708f25ac2dedeb1f5b722ac79b96465,binned_sah,bvh2/slot32_aos,robust,shadow_ao,A,6038965400659644694,any_occluder_in_range,q_30_40,16385,1964,14421,0,106260,62640,212520,62640,90993,54301,181986,54301,S-analytic,S-probe-counterfactual
d1_large_sampled_2026_08_31,970f092,1,hairball.obj,1fc018d947fbd9d5099dea9bc104ae38a708f25ac2dedeb1f5b722ac79b96465,binned_sah,bvh2/slot32_aos,robust,shadow_ao,A,6038965400659644694,any_occluder_in_range,q_40_50,13673,1966,11707,0,111019,58270,222038,58270,90500,47583,181000,47583,S-analytic,S-probe-counterfactual
d1_large_sampled_2026_08_31,970f092,1,hairball.obj,1fc018d947fbd9d5099dea9bc104ae38a708f25ac2dedeb1f5b722ac79b96465,binned_sah,bvh2/slot32_aos,robust,shadow_ao,A,6038965400659644694,any_occluder_in_range,q_50_60,10158,1700,8458,0,89928,44699,179856,44699,70057,34974,140114,34974,S-analytic,S-probe-counterfactual
d1_large_sampled_2026_08_31,970f092,1,hairball.obj,1fc018d947fbd9d5099dea9bc104ae38a708f25ac2dedeb1f5b722ac79b96465,binned_sah,bvh2/slot32_aos,robust,shadow_ao,A,6038965400659644694,any_occluder_in_range,q_60_70,7898,1504,6394,0,76273,36983,152546,36983,58074,28328,116148,28328,S-analytic,S-probe-counterfactual
d1_large_sampled_2026_08_31,970f092,1,hairball.obj,1fc018d947fbd9d5099dea9bc104ae38a708f25ac2dedeb1f5b722ac79b96465,binned_sah,bvh2/slot32_aos,robust,shadow_ao,A,6038965400659644694,any_occluder_in_range,q_70_80,6287,1297,4990,0,70366,30950,140732,30950,51958,22665,103916,22665,S-analytic,S-probe-counterfactual
d1_large_sampled_2026_08_31,970f092,1,hairball.obj,1fc018d947fbd9d5099dea9bc104ae38a708f25ac2dedeb1f5b722ac79b96465,binned_sah,bvh2/slot32_aos,robust,shadow_ao,A,6038965400659644694,any_occluder_in_range,q_80_90,4626,1060,3566,0,61249,25403,122498,25403,43896,17827,87792,17827,S-analytic,S-probe-counterfactual
d1_large_sampled_2026_08_31,970f092,1,hairball.obj,1fc018d947fbd9d5099dea9bc104ae38a708f25ac2dedeb1f5b722ac79b96465,binned_sah,bvh2/slot32_aos,robust,shadow_ao,A,6038965400659644694,any_occluder_in_range,q_90_100,3475,813,2662,0,51641,19874,103282,19874,36487,13826,72974,13826,S-analytic,S-probe-counterfactual
d1_large_sampled_2026_08_31,970f092,1,hairball.obj,1fc018d947fbd9d5099dea9bc104ae38a708f25ac2dedeb1f5b722ac79b96465,binned_sah,bvh2/slot32_aos,robust,shadow_ao,A,6038965400659644694,any_occluder_in_range,raw_gt_1,40133,14471,25662,0,1440514,432136,2881028,432136,783324,225070,1566648,225070,S-analytic,S-probe-counterfactual
d1_large_sampled_2026_08_31,970f092,1,hairball.obj,1fc018d947fbd9d5099dea9bc104ae38a708f25ac2dedeb1f5b722ac79b96465,binned_sah,bvh2/slot32_aos,robust,shadow_ao,A,6038965400659644694,any_occluder_in_range,invalid,0,0,0,0,0,0,0,0,0,0,0,0,S-analytic,S-probe-counterfactual
d1_large_sampled_2026_08_31,970f092,1,hairball.obj,1fc018d947fbd9d5099dea9bc104ae38a708f25ac2dedeb1f5b722ac79b96465,binned_sah,bvh2/slot32_aos,robust,shadow_ao,B,12098494441538982105,any_occluder_in_range,q_00_10,41253,870,40383,0,18898,55506,37796,55506,18281,54375,36562,54375,S-analytic,S-probe-counterfactual
d1_large_sampled_2026_08_31,970f092,1,hairball.obj,1fc018d947fbd9d5099dea9bc104ae38a708f25ac2dedeb1f5b722ac79b96465,binned_sah,bvh2/slot32_aos,robust,shadow_ao,B,12098494441538982105,any_occluder_in_range,q_10_20,27593,1635,25958,0,66383,63838,132766,63838,61355,60063,122710,60063,S-analytic,S-probe-counterfactual
d1_large_sampled_2026_08_31,970f092,1,hairball.obj,1fc018d947fbd9d5099dea9bc104ae38a708f25ac2dedeb1f5b722ac79b96465,binned_sah,bvh2/slot32_aos,robust,shadow_ao,B,12098494441538982105,any_occluder_in_range,q_20_30,19361,1819,17542,0,93454,63829,186908,63829,83031,57560,166062,57560,S-analytic,S-probe-counterfactual
d1_large_sampled_2026_08_31,970f092,1,hairball.obj,1fc018d947fbd9d5099dea9bc104ae38a708f25ac2dedeb1f5b722ac79b96465,binned_sah,bvh2/slot32_aos,robust,shadow_ao,B,12098494441538982105,any_occluder_in_range,q_30_40,16052,1890,14162,0,100867,58464,201734,58464,86363,50867,172726,50867,S-analytic,S-probe-counterfactual
d1_large_sampled_2026_08_31,970f092,1,hairball.obj,1fc018d947fbd9d5099dea9bc104ae38a708f25ac2dedeb1f5b722ac79b96465,binned_sah,bvh2/slot32_aos,robust,shadow_ao,B,12098494441538982105,any_occluder_in_range,q_40_50,14250,2020,12230,0,115540,59257,231080,59257,95856,49423,191712,49423,S-analytic,S-probe-counterfactual
d1_large_sampled_2026_08_31,970f092,1,hairball.obj,1fc018d947fbd9d5099dea9bc104ae38a708f25ac2dedeb1f5b722ac79b96465,binned_sah,bvh2/slot32_aos,robust,shadow_ao,B,12098494441538982105,any_occluder_in_range,q_50_60,10428,1743,8685,0,92480,46175,184960,46175,73348,36967,146696,36967,S-analytic,S-probe-counterfactual
d1_large_sampled_2026_08_31,970f092,1,hairball.obj,1fc018d947fbd9d5099dea9bc104ae38a708f25ac2dedeb1f5b722ac79b96465,binned_sah,bvh2/slot32_aos,robust,shadow_ao,B,12098494441538982105,any_occluder_in_range,q_60_70,8016,1515,6501,0,77592,37396,155184,37396,59207,28637,118414,28637,S-analytic,S-probe-counterfactual
d1_large_sampled_2026_08_31,970f092,1,hairball.obj,1fc018d947fbd9d5099dea9bc104ae38a708f25ac2dedeb1f5b722ac79b96465,binned_sah,bvh2/slot32_aos,robust,shadow_ao,B,12098494441538982105,any_occluder_in_range,q_70_80,6299,1255,5044,0,70636,30654,141272,30654,53152,23072,106304,23072,S-analytic,S-probe-counterfactual
d1_large_sampled_2026_08_31,970f092,1,hairball.obj,1fc018d947fbd9d5099dea9bc104ae38a708f25ac2dedeb1f5b722ac79b96465,binned_sah,bvh2/slot32_aos,robust,shadow_ao,B,12098494441538982105,any_occluder_in_range,q_80_90,4658,952,3706,0,59699,24129,119398,24129,43984,17379,87968,17379,S-analytic,S-probe-counterfactual
d1_large_sampled_2026_08_31,970f092,1,hairball.obj,1fc018d947fbd9d5099dea9bc104ae38a708f25ac2dedeb1f5b722ac79b96465,binned_sah,bvh2/slot32_aos,robust,shadow_ao,B,12098494441538982105,any_occluder_in_range,q_90_100,3567,841,2726,0,52640,19474,105280,19474,36551,12963,73102,12963,S-analytic,S-probe-counterfactual
d1_large_sampled_2026_08_31,970f092,1,hairball.obj,1fc018d947fbd9d5099dea9bc104ae38a708f25ac2dedeb1f5b722ac79b96465,binned_sah,bvh2/slot32_aos,robust,shadow_ao,B,12098494441538982105,any_occluder_in_range,raw_gt_1,39867,14193,25674,0,1432488,421763,2864976,421763,785069,223117,1570138,223117,S-analytic,S-probe-counterfactual
d1_large_sampled_2026_08_31,970f092,1,hairball.obj,1fc018d947fbd9d5099dea9bc104ae38a708f25ac2dedeb1f5b722ac79b96465,binned_sah,bvh2/slot32_aos,robust,shadow_ao,B,12098494441538982105,any_occluder_in_range,invalid,0,0,0,0,0,0,0,0,0,0,0,0,S-analytic,S-probe-counterfactual
d1_large_sampled_2026_08_31,970f092,1,hairball.obj,1fc018d947fbd9d5099dea9bc104ae38a708f25ac2dedeb1f5b722ac79b96465,binned_sah,bvh2/slot32_aos,robust,diffuse_1,A,6166606655053877372,closest_improves_incumbent,q_00_10,47607,981,46626,0,19097,62371,38194,62371,18373,60780,36746,60780,S-analytic,S-probe-counterfactual
d1_large_sampled_2026_08_31,970f092,1,hairball.obj,1fc018d947fbd9d5099dea9bc104ae38a708f25ac2dedeb1f5b722ac79b96465,binned_sah,bvh2/slot32_aos,robust,diffuse_1,A,6166606655053877372,closest_improves_incumbent,q_10_20,32660,1794,30866,0,67570,73384,135140,73384,61422,67045,122844,67045,S-analytic,S-probe-counterfactual
d1_large_sampled_2026_08_31,970f092,1,hairball.obj,1fc018d947fbd9d5099dea9bc104ae38a708f25ac2dedeb1f5b722ac79b96465,binned_sah,bvh2/slot32_aos,robust,diffuse_1,A,6166606655053877372,closest_improves_incumbent,q_20_30,21723,1892,19831,0,97055,71713,194110,71713,84647,61515,169294,61515,S-analytic,S-probe-counterfactual
d1_large_sampled_2026_08_31,970f092,1,hairball.obj,1fc018d947fbd9d5099dea9bc104ae38a708f25ac2dedeb1f5b722ac79b96465,binned_sah,bvh2/slot32_aos,robust,diffuse_1,A,6166606655053877372,closest_improves_incumbent,q_30_40,18033,2036,15997,0,113974,72185,227948,72185,94732,57970,189464,57970,S-analytic,S-probe-counterfactual
d1_large_sampled_2026_08_31,970f092,1,hairball.obj,1fc018d947fbd9d5099dea9bc104ae38a708f25ac2dedeb1f5b722ac79b96465,binned_sah,bvh2/slot32_aos,robust,diffuse_1,A,6166606655053877372,closest_improves_incumbent,q_40_50,15443,2119,13324,0,122688,69227,245376,69227,97036,51936,194072,51936,S-analytic,S-probe-counterfactual
d1_large_sampled_2026_08_31,970f092,1,hairball.obj,1fc018d947fbd9d5099dea9bc104ae38a708f25ac2dedeb1f5b722ac79b96465,binned_sah,bvh2/slot32_aos,robust,diffuse_1,A,6166606655053877372,closest_improves_incumbent,q_50_60,11933,1855,10078,0,105750,57293,211500,57293,79753,40684,159506,40684,S-analytic,S-probe-counterfactual
d1_large_sampled_2026_08_31,970f092,1,hairball.obj,1fc018d947fbd9d5099dea9bc104ae38a708f25ac2dedeb1f5b722ac79b96465,binned_sah,bvh2/slot32_aos,robust,diffuse_1,A,6166606655053877372,closest_improves_incumbent,q_60_70,9651,1668,7983,0,94155,49349,188310,49349,68810,33652,137620,33652,S-analytic,S-probe-counterfactual
d1_large_sampled_2026_08_31,970f092,1,hairball.obj,1fc018d947fbd9d5099dea9bc104ae38a708f25ac2dedeb1f5b722ac79b96465,binned_sah,bvh2/slot32_aos,robust,diffuse_1,A,6166606655053877372,closest_improves_incumbent,q_70_80,7776,1487,6289,0,88462,42590,176924,42590,62134,27504,124268,27504,S-analytic,S-probe-counterfactual
d1_large_sampled_2026_08_31,970f092,1,hairball.obj,1fc018d947fbd9d5099dea9bc104ae38a708f25ac2dedeb1f5b722ac79b96465,binned_sah,bvh2/slot32_aos,robust,diffuse_1,A,6166606655053877372,closest_improves_incumbent,q_80_90,5868,1217,4651,0,76592,34028,153184,34028,52556,21105,105112,21105,S-analytic,S-probe-counterfactual
d1_large_sampled_2026_08_31,970f092,1,hairball.obj,1fc018d947fbd9d5099dea9bc104ae38a708f25ac2dedeb1f5b722ac79b96465,binned_sah,bvh2/slot32_aos,robust,diffuse_1,A,6166606655053877372,closest_improves_incumbent,q_90_100,4278,933,3345,0,63419,27156,126838,27156,42121,16180,84242,16180,S-analytic,S-probe-counterfactual
d1_large_sampled_2026_08_31,970f092,1,hairball.obj,1fc018d947fbd9d5099dea9bc104ae38a708f25ac2dedeb1f5b722ac79b96465,binned_sah,bvh2/slot32_aos,robust,diffuse_1,A,6166606655053877372,closest_improves_incumbent,raw_gt_1,46188,16418,29770,0,1766589,577232,3533178,577232,829664,235536,1659328,235536,S-analytic,S-probe-counterfactual
d1_large_sampled_2026_08_31,970f092,1,hairball.obj,1fc018d947fbd9d5099dea9bc104ae38a708f25ac2dedeb1f5b722ac79b96465,binned_sah,bvh2/slot32_aos,robust,diffuse_1,A,6166606655053877372,closest_improves_incumbent,invalid,0,0,0,0,0,0,0,0,0,0,0,0,S-analytic,S-probe-counterfactual
d1_large_sampled_2026_08_31,970f092,1,hairball.obj,1fc018d947fbd9d5099dea9bc104ae38a708f25ac2dedeb1f5b722ac79b96465,binned_sah,bvh2/slot32_aos,robust,diffuse_1,B,601445350524603615,closest_improves_incumbent,q_00_10,48172,950,47222,0,19475,63498,38950,63498,18811,62013,37622,62013,S-analytic,S-probe-counterfactual
d1_large_sampled_2026_08_31,970f092,1,hairball.obj,1fc018d947fbd9d5099dea9bc104ae38a708f25ac2dedeb1f5b722ac79b96465,binned_sah,bvh2/slot32_aos,robust,diffuse_1,B,601445350524603615,closest_improves_incumbent,q_10_20,33098,1876,31222,0,69775,74546,139550,74546,63203,67901,126406,67901,S-analytic,S-probe-counterfactual
d1_large_sampled_2026_08_31,970f092,1,hairball.obj,1fc018d947fbd9d5099dea9bc104ae38a708f25ac2dedeb1f5b722ac79b96465,binned_sah,bvh2/slot32_aos,robust,diffuse_1,B,601445350524603615,closest_improves_incumbent,q_20_30,21929,1898,20031,0,98878,72938,197756,72938,86125,62341,172250,62341,S-analytic,S-probe-counterfactual
d1_large_sampled_2026_08_31,970f092,1,hairball.obj,1fc018d947fbd9d5099dea9bc104ae38a708f25ac2dedeb1f5b722ac79b96465,binned_sah,bvh2/slot32_aos,robust,diffuse_1,B,601445350524603615,closest_improves_incumbent,q_30_40,18075,2049,16026,0,112849,71064,225698,71064,92639,56293,185278,56293,S-analytic,S-probe-counterfactual
d1_large_sampled_2026_08_31,970f092,1,hairball.obj,1fc018d947fbd9d5099dea9bc104ae38a708f25ac2dedeb1f5b722ac79b96465,binned_sah,bvh2/slot32_aos,robust,diffuse_1,B,601445350524603615,closest_improves_incumbent,q_40_50,15592,2070,13522,0,124796,69853,249592,69853,99644,52888,199288,52888,S-analytic,S-probe-counterfactual
d1_large_sampled_2026_08_31,970f092,1,hairball.obj,1fc018d947fbd9d5099dea9bc104ae38a708f25ac2dedeb1f5b722ac79b96465,binned_sah,bvh2/slot32_aos,robust,diffuse_1,B,601445350524603615,closest_improves_incumbent,q_50_60,12049,1849,10200,0,107949,58654,215898,58654,81838,42147,163676,42147,S-analytic,S-probe-counterfactual
d1_large_sampled_2026_08_31,970f092,1,hairball.obj,1fc018d947fbd9d5099dea9bc104ae38a708f25ac2dedeb1f5b722ac79b96465,binned_sah,bvh2/slot32_aos,robust,diffuse_1,B,601445350524603615,closest_improves_incumbent,q_60_70,9681,1655,8026,0,95399,50435,190798,50435,70200,34606,140400,34606,S-analytic,S-probe-counterfactual
d1_large_sampled_2026_08_31,970f092,1,hairball.obj,1fc018d947fbd9d5099dea9bc104ae38a708f25ac2dedeb1f5b722ac79b96465,binned_sah,bvh2/slot32_aos,robust,diffuse_1,B,601445350524603615,closest_improves_incumbent,q_70_80,7838,1489,6349,0,90348,43280,180696,43280,63560,28245,127120,28245,S-analytic,S-probe-counterfactual
d1_large_sampled_2026_08_31,970f092,1,hairball.obj,1fc018d947fbd9d5099dea9bc104ae38a708f25ac2dedeb1f5b722ac79b96465,binned_sah,bvh2/slot32_aos,robust,diffuse_1,B,601445350524603615,closest_improves_incumbent,q_80_90,5851,1165,4686,0,73712,32604,147424,32604,51297,20545,102594,20545,S-analytic,S-probe-counterfactual
d1_large_sampled_2026_08_31,970f092,1,hairball.obj,1fc018d947fbd9d5099dea9bc104ae38a708f25ac2dedeb1f5b722ac79b96465,binned_sah,bvh2/slot32_aos,robust,diffuse_1,B,601445350524603615,closest_improves_incumbent,q_90_100,4254,936,3318,0,62341,25926,124682,25926,41040,14980,82080,14980,S-analytic,S-probe-counterfactual
d1_large_sampled_2026_08_31,970f092,1,hairball.obj,1fc018d947fbd9d5099dea9bc104ae38a708f25ac2dedeb1f5b722ac79b96465,binned_sah,bvh2/slot32_aos,robust,diffuse_1,B,601445350524603615,closest_improves_incumbent,raw_gt_1,46616,16189,30427,0,1769084,572149,3538168,572149,854498,242815,1708996,242815,S-analytic,S-probe-counterfactual
d1_large_sampled_2026_08_31,970f092,1,hairball.obj,1fc018d947fbd9d5099dea9bc104ae38a708f25ac2dedeb1f5b722ac79b96465,binned_sah,bvh2/slot32_aos,robust,diffuse_1,B,601445350524603615,closest_improves_incumbent,invalid,0,0,0,0,0,0,0,0,0,0,0,0,S-analytic,S-probe-counterfactual
d1_large_sampled_2026_08_31,970f092,1,hairball.obj,1fc018d947fbd9d5099dea9bc104ae38a708f25ac2dedeb1f5b722ac79b96465,binned_sah,bvh2/slot32_aos,robust,incoherent,A,15759569274571642816,closest_improves_incumbent,q_00_10,214229,5019,209210,0,79971,273063,159942,273063,76412,265175,152824,265175,S-analytic,S-probe-counterfactual
d1_large_sampled_2026_08_31,970f092,1,hairball.obj,1fc018d947fbd9d5099dea9bc104ae38a708f25ac2dedeb1f5b722ac79b96465,binned_sah,bvh2/slot32_aos,robust,incoherent,A,15759569274571642816,closest_improves_incumbent,q_10_20,177542,10426,167116,0,314991,352484,629982,352484,283617,320234,567234,320234,S-analytic,S-probe-counterfactual
d1_large_sampled_2026_08_31,970f092,1,hairball.obj,1fc018d947fbd9d5099dea9bc104ae38a708f25ac2dedeb1f5b722ac79b96465,binned_sah,bvh2/slot32_aos,robust,incoherent,A,15759569274571642816,closest_improves_incumbent,q_20_30,115336,11164,104172,0,460749,340294,921498,340294,391872,284199,783744,284199,S-analytic,S-probe-counterfactual
d1_large_sampled_2026_08_31,970f092,1,hairball.obj,1fc018d947fbd9d5099dea9bc104ae38a708f25ac2dedeb1f5b722ac79b96465,binned_sah,bvh2/slot32_aos,robust,incoherent,A,15759569274571642816,closest_improves_incumbent,q_30_40,91402,11960,79442,0,521436,326289,1042872,326289,418470,251291,836940,251291,S-analytic,S-probe-counterfactual
d1_large_sampled_2026_08_31,970f092,1,hairball.obj,1fc018d947fbd9d5099dea9bc104ae38a708f25ac2dedeb1f5b722ac79b96465,binned_sah,bvh2/slot32_aos,robust,incoherent,A,15759569274571642816,closest_improves_incumbent,q_40_50,74501,11699,62802,0,528968,303527,1057936,303527,404342,218749,808684,218749,S-analytic,S-probe-counterfactual
d1_large_sampled_2026_08_31,970f092,1,hairball.obj,1fc018d947fbd9d5099dea9bc104ae38a708f25ac2dedeb1f5b722ac79b96465,binned_sah,bvh2/slot32_aos,robust,incoherent,A,15759569274571642816,closest_improves_incumbent,q_50_60,61128,10811,50317,0,503161,275458,1006322,275458,370076,189808,740152,189808,S-analytic,S-probe-counterfactual
d1_large_sampled_2026_08_31,970f092,1,hairball.obj,1fc018d947fbd9d5099dea9bc104ae38a708f25ac2dedeb1f5b722ac79b96465,binned_sah,bvh2/slot32_aos,robust,incoherent,A,15759569274571642816,closest_improves_incumbent,q_60_70,51997,10270,41727,0,488253,258741,976506,258741,341207,167906,682414,167906,S-analytic,S-probe-counterfactual
d1_large_sampled_2026_08_31,970f092,1,hairball.obj,1fc018d947fbd9d5099dea9bc104ae38a708f25ac2dedeb1f5b722ac79b96465,binned_sah,bvh2/slot32_aos,robust,incoherent,A,15759569274571642816,closest_improves_incumbent,q_70_80,42808,9128,33680,0,449333,222441,898666,222441,302626,136610,605252,136610,S-analytic,S-probe-counterfactual
d1_large_sampled_2026_08_31,970f092,1,hairball.obj,1fc018d947fbd9d5099dea9bc104ae38a708f25ac2dedeb1f5b722ac79b96465,binned_sah,bvh2/slot32_aos,robust,incoherent,A,15759569274571642816,closest_improves_incumbent,q_80_90,32343,7222,25121,0,382014,177970,764028,177970,252073,105411,504146,105411,S-analytic,S-probe-counterfactual
d1_large_sampled_2026_08_31,970f092,1,hairball.obj,1fc018d947fbd9d5099dea9bc104ae38a708f25ac2dedeb1f5b722ac79b96465,binned_sah,bvh2/slot32_aos,robust,incoherent,A,15759569274571642816,closest_improves_incumbent,q_90_100,25102,5995,19107,0,336751,145307,673502,145307,212569,80651,425138,80651,S-analytic,S-probe-counterfactual
d1_large_sampled_2026_08_31,970f092,1,hairball.obj,1fc018d947fbd9d5099dea9bc104ae38a708f25ac2dedeb1f5b722ac79b96465,binned_sah,bvh2/slot32_aos,robust,incoherent,A,15759569274571642816,closest_improves_incumbent,raw_gt_1,294141,107546,186595,0,10011094,3254212,20022188,3254212,3667460,952009,7334920,952009,S-analytic,S-probe-counterfactual
d1_large_sampled_2026_08_31,970f092,1,hairball.obj,1fc018d947fbd9d5099dea9bc104ae38a708f25ac2dedeb1f5b722ac79b96465,binned_sah,bvh2/slot32_aos,robust,incoherent,A,15759569274571642816,closest_improves_incumbent,invalid,0,0,0,0,0,0,0,0,0,0,0,0,S-analytic,S-probe-counterfactual
d1_large_sampled_2026_08_31,970f092,1,hairball.obj,1fc018d947fbd9d5099dea9bc104ae38a708f25ac2dedeb1f5b722ac79b96465,binned_sah,bvh2/slot32_aos,robust,incoherent,B,3209104207197725874,closest_improves_incumbent,q_00_10,208895,4904,203991,0,78689,265980,157378,265980,75284,258334,150568,258334,S-analytic,S-probe-counterfactual
d1_large_sampled_2026_08_31,970f092,1,hairball.obj,1fc018d947fbd9d5099dea9bc104ae38a708f25ac2dedeb1f5b722ac79b96465,binned_sah,bvh2/slot32_aos,robust,incoherent,B,3209104207197725874,closest_improves_incumbent,q_10_20,173051,10259,162792,0,305659,341242,611318,341242,275970,309836,551940,309836,S-analytic,S-probe-counterfactual
d1_large_sampled_2026_08_31,970f092,1,hairball.obj,1fc018d947fbd9d5099dea9bc104ae38a708f25ac2dedeb1f5b722ac79b96465,binned_sah,bvh2/slot32_aos,robust,incoherent,B,3209104207197725874,closest_improves_incumbent,q_20_30,112918,11118,101800,0,446386,329092,892772,329092,378199,272769,756398,272769,S-analytic,S-probe-counterfactual
d1_large_sampled_2026_08_31,970f092,1,hairball.obj,1fc018d947fbd9d5099dea9bc104ae38a708f25ac2dedeb1f5b722ac79b96465,binned_sah,bvh2/slot32_aos,robust,incoherent,B,3209104207197725874,closest_improves_incumbent,q_30_40,90141,11555,78586,0,510258,316628,1020516,316628,411093,242814,822186,242814,S-analytic,S-probe-counterfactual
d1_large_sampled_2026_08_31,970f092,1,hairball.obj,1fc018d947fbd9d5099dea9bc104ae38a708f25ac2dedeb1f5b722ac79b96465,binned_sah,bvh2/slot32_aos,robust,incoherent,B,3209104207197725874,closest_improves_incumbent,q_40_50,73944,11358,62586,0,521786,297605,1043572,297605,400975,214717,801950,214717,S-analytic,S-probe-counterfactual
d1_large_sampled_2026_08_31,970f092,1,hairball.obj,1fc018d947fbd9d5099dea9bc104ae38a708f25ac2dedeb1f5b722ac79b96465,binned_sah,bvh2/slot32_aos,robust,incoherent,B,3209104207197725874,closest_improves_incumbent,q_50_60,60283,10338,49945,0,491459,267643,982918,267643,360943,182603,721886,182603,S-analytic,S-probe-counterfactual
d1_large_sampled_2026_08_31,970f092,1,hairball.obj,1fc018d947fbd9d5099dea9bc104ae38a708f25ac2dedeb1f5b722ac79b96465,binned_sah,bvh2/slot32_aos,robust,incoherent,B,3209104207197725874,closest_improves_incumbent,q_60_70,51238,9980,41258,0,480640,251807,961280,251807,338888,163761,677776,163761,S-analytic,S-probe-counterfactual
d1_large_sampled_2026_08_31,970f092,1,hairball.obj,1fc018d947fbd9d5099dea9bc104ae38a708f25ac2dedeb1f5b722ac79b96465,binned_sah,bvh2/slot32_aos,robust,incoherent,B,3209104207197725874,closest_improves_incumbent,q_70_80,42055,8864,33191,0,446703,220105,893406,220105,301809,134794,603618,134794,S-analytic,S-probe-counterfactual
d1_large_sampled_2026_08_31,970f092,1,hairball.obj,1fc018d947fbd9d5099dea9bc104ae38a708f25ac2dedeb1f5b722ac79b96465,binned_sah,bvh2/slot32_aos,robust,incoherent,B,3209104207197725874,closest_improves_incumbent,q_80_90,31827,7225,24602,0,376326,173130,752652,173130,242884,99183,485768,99183,S-analytic,S-probe-counterfactual
d1_large_sampled_2026_08_31,970f092,1,hairball.obj,1fc018d947fbd9d5099dea9bc104ae38a708f25ac2dedeb1f5b722ac79b96465,binned_sah,bvh2/slot32_aos,robust,incoherent,B,3209104207197725874,closest_improves_incumbent,q_90_100,25063,5719,19344,0,336023,143433,672046,143433,215445,80419,430890,80419,S-analytic,S-probe-counterfactual
d1_large_sampled_2026_08_31,970f092,1,hairball.obj,1fc018d947fbd9d5099dea9bc104ae38a708f25ac2dedeb1f5b722ac79b96465,binned_sah,bvh2/slot32_aos,robust,incoherent,B,3209104207197725874,closest_improves_incumbent,raw_gt_1,291472,105454,186018,0,9854910,3181419,19709820,3181419,3629013,905055,7258026,905055,S-analytic,S-probe-counterfactual
d1_large_sampled_2026_08_31,970f092,1,hairball.obj,1fc018d947fbd9d5099dea9bc104ae38a708f25ac2dedeb1f5b722ac79b96465,binned_sah,bvh2/slot32_aos,robust,incoherent,B,3209104207197725874,closest_improves_incumbent,invalid,0,0,0,0,0,0,0,0,0,0,0,0,S-analytic,S-probe-counterfactual
d1_large_sampled_2026_08_31,970f092,1,bistro.obj,34536fa95e38df405fb71c0f474186b1832eeb346743c4ffc4b284c90557adac,binned_sah,bvh2/slot32_aos,robust,primary,A,1651105225227214735,closest_improves_incumbent,q_00_10,22742,324,22418,0,29330,50691,58660,50691,28769,49925,57538,49925,S-analytic,S-probe-counterfactual
d1_large_sampled_2026_08_31,970f092,1,bistro.obj,34536fa95e38df405fb71c0f474186b1832eeb346743c4ffc4b284c90557adac,binned_sah,bvh2/slot32_aos,robust,primary,A,1651105225227214735,closest_improves_incumbent,q_10_20,3970,435,3535,0,21821,21822,43642,21822,19478,19717,38956,19717,S-analytic,S-probe-counterfactual
d1_large_sampled_2026_08_31,970f092,1,bistro.obj,34536fa95e38df405fb71c0f474186b1832eeb346743c4ffc4b284c90557adac,binned_sah,bvh2/slot32_aos,robust,primary,A,1651105225227214735,closest_improves_incumbent,q_20_30,3167,547,2620,0,20966,18559,41932,18559,17655,15900,35310,15900,S-analytic,S-probe-counterfactual
d1_large_sampled_2026_08_31,970f092,1,bistro.obj,34536fa95e38df405fb71c0f474186b1832eeb346743c4ffc4b284c90557adac,binned_sah,bvh2/slot32_aos,robust,primary,A,1651105225227214735,closest_improves_incumbent,q_30_40,3948,913,3035,0,23760,20781,47520,20781,18331,16331,36662,16331,S-analytic,S-probe-counterfactual
d1_large_sampled_2026_08_31,970f092,1,bistro.obj,34536fa95e38df405fb71c0f474186b1832eeb346743c4ffc4b284c90557adac,binned_sah,bvh2/slot32_aos,robust,primary,A,1651105225227214735,closest_improves_incumbent,q_40_50,5052,1441,3611,0,15002,13729,30004,13729,9746,9157,19492,9157,S-analytic,S-probe-counterfactual
d1_large_sampled_2026_08_31,970f092,1,bistro.obj,34536fa95e38df405fb71c0f474186b1832eeb346743c4ffc4b284c90557adac,binned_sah,bvh2/slot32_aos,robust,primary,A,1651105225227214735,closest_improves_incumbent,q_50_60,3090,979,2111,0,18041,11117,36082,11117,10412,6083,20824,6083,S-analytic,S-probe-counterfactual
d1_large_sampled_2026_08_31,970f092,1,bistro.obj,34536fa95e38df405fb71c0f474186b1832eeb346743c4ffc4b284c90557adac,binned_sah,bvh2/slot32_aos,robust,primary,A,1651105225227214735,closest_improves_incumbent,q_60_70,3261,1278,1983,0,18382,11534,36764,11534,10081,6147,20162,6147,S-analytic,S-probe-counterfactual
d1_large_sampled_2026_08_31,970f092,1,bistro.obj,34536fa95e38df405fb71c0f474186b1832eeb346743c4ffc4b284c90557adac,binned_sah,bvh2/slot32_aos,robust,primary,A,1651105225227214735,closest_improves_incumbent,q_70_80,3463,1344,2119,0,23568,13093,47136,13093,11246,5870,22492,5870,S-analytic,S-probe-counterfactual
d1_large_sampled_2026_08_31,970f092,1,bistro.obj,34536fa95e38df405fb71c0f474186b1832eeb346743c4ffc4b284c90557adac,binned_sah,bvh2/slot32_aos,robust,primary,A,1651105225227214735,closest_improves_incumbent,q_80_90,4040,1724,2316,0,27512,15290,55024,15290,12641,6283,25282,6283,S-analytic,S-probe-counterfactual
d1_large_sampled_2026_08_31,970f092,1,bistro.obj,34536fa95e38df405fb71c0f474186b1832eeb346743c4ffc4b284c90557adac,binned_sah,bvh2/slot32_aos,robust,primary,A,1651105225227214735,closest_improves_incumbent,q_90_100,3174,1528,1646,0,27953,16052,55906,16052,12048,6511,24096,6511,S-analytic,S-probe-counterfactual
d1_large_sampled_2026_08_31,970f092,1,bistro.obj,34536fa95e38df405fb71c0f474186b1832eeb346743c4ffc4b284c90557adac,binned_sah,bvh2/slot32_aos,robust,primary,A,1651105225227214735,closest_improves_incumbent,raw_gt_1,38927,16205,22722,0,617867,198883,1235734,198883,166703,38819,333406,38819,S-analytic,S-probe-counterfactual
d1_large_sampled_2026_08_31,970f092,1,bistro.obj,34536fa95e38df405fb71c0f474186b1832eeb346743c4ffc4b284c90557adac,binned_sah,bvh2/slot32_aos,robust,primary,A,1651105225227214735,closest_improves_incumbent,invalid,0,0,0,0,0,0,0,0,0,0,0,0,S-analytic,S-probe-counterfactual
d1_large_sampled_2026_08_31,970f092,1,bistro.obj,34536fa95e38df405fb71c0f474186b1832eeb346743c4ffc4b284c90557adac,binned_sah,bvh2/slot32_aos,robust,shadow_ao,A,12533583168109937296,any_occluder_in_range,q_00_10,21288,115,21173,0,33938,53815,67876,53815,33461,53361,66922,53361,S-analytic,S-probe-counterfactual
d1_large_sampled_2026_08_31,970f092,1,bistro.obj,34536fa95e38df405fb71c0f474186b1832eeb346743c4ffc4b284c90557adac,binned_sah,bvh2/slot32_aos,robust,shadow_ao,A,12533583168109937296,any_occluder_in_range,q_10_20,2711,91,2620,0,18218,18350,36436,18350,17818,18073,35636,18073,S-analytic,S-probe-counterfactual
d1_large_sampled_2026_08_31,970f092,1,bistro.obj,34536fa95e38df405fb71c0f474186b1832eeb346743c4ffc4b284c90557adac,binned_sah,bvh2/slot32_aos,robust,shadow_ao,A,12533583168109937296,any_occluder_in_range,q_20_30,2339,143,2196,0,20582,18333,41164,18333,19450,17558,38900,17558,S-analytic,S-probe-counterfactual
d1_large_sampled_2026_08_31,970f092,1,bistro.obj,34536fa95e38df405fb71c0f474186b1832eeb346743c4ffc4b284c90557adac,binned_sah,bvh2/slot32_aos,robust,shadow_ao,A,12533583168109937296,any_occluder_in_range,q_30_40,2446,182,2264,0,16077,13720,32154,13720,15060,13115,30120,13115,S-analytic,S-probe-counterfactual
d1_large_sampled_2026_08_31,970f092,1,bistro.obj,34536fa95e38df405fb71c0f474186b1832eeb346743c4ffc4b284c90557adac,binned_sah,bvh2/slot32_aos,robust,shadow_ao,A,12533583168109937296,any_occluder_in_range,q_40_50,3156,354,2802,0,11204,9599,22408,9599,9896,8621,19792,8621,S-analytic,S-probe-counterfactual
d1_large_sampled_2026_08_31,970f092,1,bistro.obj,34536fa95e38df405fb71c0f474186b1832eeb346743c4ffc4b284c90557adac,binned_sah,bvh2/slot32_aos,robust,shadow_ao,A,12533583168109937296,any_occluder_in_range,q_50_60,2085,266,1819,0,13767,9273,27534,9273,11790,8112,23580,8112,S-analytic,S-probe-counterfactual
d1_large_sampled_2026_08_31,970f092,1,bistro.obj,34536fa95e38df405fb71c0f474186b1832eeb346743c4ffc4b284c90557adac,binned_sah,bvh2/slot32_aos,robust,shadow_ao,A,12533583168109937296,any_occluder_in_range,q_60_70,2010,270,1740,0,13985,8622,27970,8622,11876,7541,23752,7541,S-analytic,S-probe-counterfactual
d1_large_sampled_2026_08_31,970f092,1,bistro.obj,34536fa95e38df405fb71c0f474186b1832eeb346743c4ffc4b284c90557adac,binned_sah,bvh2/slot32_aos,robust,shadow_ao,A,12533583168109937296,any_occluder_in_range,q_70_80,1957,266,1691,0,15703,9295,31406,9295,13255,8125,26510,8125,S-analytic,S-probe-counterfactual
d1_large_sampled_2026_08_31,970f092,1,bistro.obj,34536fa95e38df405fb71c0f474186b1832eeb346743c4ffc4b284c90557adac,binned_sah,bvh2/slot32_aos,robust,shadow_ao,A,12533583168109937296,any_occluder_in_range,q_80_90,2187,331,1856,0,18614,10473,37228,10473,15751,9150,31502,9150,S-analytic,S-probe-counterfactual
d1_large_sampled_2026_08_31,970f092,1,bistro.obj,34536fa95e38df405fb71c0f474186b1832eeb346743c4ffc4b284c90557adac,binned_sah,bvh2/slot32_aos,robust,shadow_ao,A,12533583168109937296,any_occluder_in_range,q_90_100,2109,409,1700,0,17161,9337,34322,9337,13416,7366,26832,7366,S-analytic,S-probe-counterfactual
d1_large_sampled_2026_08_31,970f092,1,bistro.obj,34536fa95e38df405fb71c0f474186b1832eeb346743c4ffc4b284c90557adac,binned_sah,bvh2/slot32_aos,robust,shadow_ao,A,12533583168109937296,any_occluder_in_range,raw_gt_1,19460,3938,15522,0,377482,141128,754964,141128,275504,103715,551008,103715,S-analytic,S-probe-counterfactual
d1_large_sampled_2026_08_31,970f092,1,bistro.obj,34536fa95e38df405fb71c0f474186b1832eeb346743c4ffc4b284c90557adac,binned_sah,bvh2/slot32_aos,robust,shadow_ao,A,12533583168109937296,any_occluder_in_range,invalid,0,0,0,0,0,0,0,0,0,0,0,0,S-analytic,S-probe-counterfactual
d1_large_sampled_2026_08_31,970f092,1,bistro.obj,34536fa95e38df405fb71c0f474186b1832eeb346743c4ffc4b284c90557adac,binned_sah,bvh2/slot32_aos,robust,shadow_ao,B,713658693085883787,any_occluder_in_range,q_00_10,19359,130,19229,0,29876,47894,59752,47894,29603,47652,59206,47652,S-analytic,S-probe-counterfactual
d1_large_sampled_2026_08_31,970f092,1,bistro.obj,34536fa95e38df405fb71c0f474186b1832eeb346743c4ffc4b284c90557adac,binned_sah,bvh2/slot32_aos,robust,shadow_ao,B,713658693085883787,any_occluder_in_range,q_10_20,2679,100,2579,0,17013,17212,34026,17212,16460,16815,32920,16815,S-analytic,S-probe-counterfactual
d1_large_sampled_2026_08_31,970f092,1,bistro.obj,34536fa95e38df405fb71c0f474186b1832eeb346743c4ffc4b284c90557adac,binned_sah,bvh2/slot32_aos,robust,shadow_ao,B,713658693085883787,any_occluder_in_range,q_20_30,2190,148,2042,0,18280,16551,36560,16551,17069,15681,34138,15681,S-analytic,S-probe-counterfactual
d1_large_sampled_2026_08_31,970f092,1,bistro.obj,34536fa95e38df405fb71c0f474186b1832eeb346743c4ffc4b284c90557adac,binned_sah,bvh2/slot32_aos,robust,shadow_ao,B,713658693085883787,any_occluder_in_range,q_30_40,2460,198,2262,0,16598,14277,33196,14277,15072,13229,30144,13229,S-analytic,S-probe-counterfactual
d1_large_sampled_2026_08_31,970f092,1,bistro.obj,34536fa95e38df405fb71c0f474186b1832eeb346743c4ffc4b284c90557adac,binned_sah,bvh2/slot32_aos,robust,shadow_ao,B,713658693085883787,any_occluder_in_range,q_40_50,3134,330,2804,0,11026,9133,22052,9133,9843,8355,19686,8355,S-analytic,S-probe-counterfactual
d1_large_sampled_2026_08_31,970f092,1,bistro.obj,34536fa95e38df405fb71c0f474186b1832eeb346743c4ffc4b284c90557adac,binned_sah,bvh2/slot32_aos,robust,shadow_ao,B,713658693085883787,any_occluder_in_range,q_50_60,1990,247,1743,0,12597,8327,25194,8327,10717,7203,21434,7203,S-analytic,S-probe-counterfactual
d1_large_sampled_2026_08_31,970f092,1,bistro.obj,34536fa95e38df405fb71c0f474186b1832eeb346743c4ffc4b284c90557adac,binned_sah,bvh2/slot32_aos,robust,shadow_ao,B,713658693085883787,any_occluder_in_range,q_60_70,1867,240,1627,0,12765,7638,25530,7638,10550,6551,21100,6551,S-analytic,S-probe-counterfactual
d1_large_sampled_2026_08_31,970f092,1,bistro.obj,34536fa95e38df405fb71c0f474186b1832eeb346743c4ffc4b284c90557adac,binned_sah,bvh2/slot32_aos,robust,shadow_ao,B,713658693085883787,any_occluder_in_range,q_70_80,2007,283,1724,0,15483,9057,30966,9057,12985,7786,25970,7786,S-analytic,S-probe-counterfactual
d1_large_sampled_2026_08_31,970f092,1,bistro.obj,34536fa95e38df405fb71c0f474186b1832eeb346743c4ffc4b284c90557adac,binned_sah,bvh2/slot32_aos,robust,shadow_ao,B,713658693085883787,any_occluder_in_range,q_80_90,2076,331,1745,0,17039,9436,34078,9436,13825,7750,27650,7750,S-analytic,S-probe-counterfactual
d1_large_sampled_2026_08_31,970f092,1,bistro.obj,34536fa95e38df405fb71c0f474186b1832eeb346743c4ffc4b284c90557adac,binned_sah,bvh2/slot32_aos,robust,shadow_ao,B,713658693085883787,any_occluder_in_range,q_90_100,2054,382,1672,0,16128,8548,32256,8548,12764,6751,25528,6751,S-analytic,S-probe-counterfactual
d1_large_sampled_2026_08_31,970f092,1,bistro.obj,34536fa95e38df405fb71c0f474186b1832eeb346743c4ffc4b284c90557adac,binned_sah,bvh2/slot32_aos,robust,shadow_ao,B,713658693085883787,any_occluder_in_range,raw_gt_1,19362,3855,15507,0,363757,131750,727514,131750,261497,94883,522994,94883,S-analytic,S-probe-counterfactual
d1_large_sampled_2026_08_31,970f092,1,bistro.obj,34536fa95e38df405fb71c0f474186b1832eeb346743c4ffc4b284c90557adac,binned_sah,bvh2/slot32_aos,robust,shadow_ao,B,713658693085883787,any_occluder_in_range,invalid,0,0,0,0,0,0,0,0,0,0,0,0,S-analytic,S-probe-counterfactual
d1_large_sampled_2026_08_31,970f092,1,bistro.obj,34536fa95e38df405fb71c0f474186b1832eeb346743c4ffc4b284c90557adac,binned_sah,bvh2/slot32_aos,robust,diffuse_1,A,13196936701535461919,closest_improves_incumbent,q_00_10,26860,218,26642,0,42057,67028,84114,67028,41308,66233,82616,66233,S-analytic,S-probe-counterfactual
d1_large_sampled_2026_08_31,970f092,1,bistro.obj,34536fa95e38df405fb71c0f474186b1832eeb346743c4ffc4b284c90557adac,binned_sah,bvh2/slot32_aos,robust,diffuse_1,A,13196936701535461919,closest_improves_incumbent,q_10_20,3583,174,3409,0,22968,23265,45936,23265,22075,22478,44150,22478,S-analytic,S-probe-counterfactual
d1_large_sampled_2026_08_31,970f092,1,bistro.obj,34536fa95e38df405fb71c0f474186b1832eeb346743c4ffc4b284c90557adac,binned_sah,bvh2/slot32_aos,robust,diffuse_1,A,13196936701535461919,closest_improves_incumbent,q_20_30,3056,222,2834,0,25542,22794,51084,22794,23686,21313,47372,21313,S-analytic,S-probe-counterfactual
d1_large_sampled_2026_08_31,970f092,1,bistro.obj,34536fa95e38df405fb71c0f474186b1832eeb346743c4ffc4b284c90557adac,binned_sah,bvh2/slot32_aos,robust,diffuse_1,A,13196936701535461919,closest_improves_incumbent,q_30_40,3318,304,3014,0,22185,19026,44370,19026,19924,17296,39848,17296,S-analytic,S-probe-counterfactual
d1_large_sampled_2026_08_31,970f092,1,bistro.obj,34536fa95e38df405fb71c0f474186b1832eeb346743c4ffc4b284c90557adac,binned_sah,bvh2/slot32_aos,robust,diffuse_1,A,13196936701535461919,closest_improves_incumbent,q_40_50,4503,635,3868,0,14911,12946,29822,12946,12034,10623,24068,10623,S-analytic,S-probe-counterfactual
d1_large_sampled_2026_08_31,970f092,1,bistro.obj,34536fa95e38df405fb71c0f474186b1832eeb346743c4ffc4b284c90557adac,binned_sah,bvh2/slot32_aos,robust,diffuse_1,A,13196936701535461919,closest_improves_incumbent,q_50_60,2685,391,2294,0,17710,11856,35420,11856,14230,9602,28460,9602,S-analytic,S-probe-counterfactual
d1_large_sampled_2026_08_31,970f092,1,bistro.obj,34536fa95e38df405fb71c0f474186b1832eeb346743c4ffc4b284c90557adac,binned_sah,bvh2/slot32_aos,robust,diffuse_1,A,13196936701535461919,closest_improves_incumbent,q_60_70,2701,415,2286,0,18492,11101,36984,11101,14398,8760,28796,8760,S-analytic,S-probe-counterfactual
d1_large_sampled_2026_08_31,970f092,1,bistro.obj,34536fa95e38df405fb71c0f474186b1832eeb346743c4ffc4b284c90557adac,binned_sah,bvh2/slot32_aos,robust,diffuse_1,A,13196936701535461919,closest_improves_incumbent,q_70_80,2688,430,2258,0,21363,12628,42726,12628,16601,9999,33202,9999,S-analytic,S-probe-counterfactual
d1_large_sampled_2026_08_31,970f092,1,bistro.obj,34536fa95e38df405fb71c0f474186b1832eeb346743c4ffc4b284c90557adac,binned_sah,bvh2/slot32_aos,robust,diffuse_1,A,13196936701535461919,closest_improves_incumbent,q_80_90,2890,544,2346,0,24793,13794,49586,13794,18895,10503,37790,10503,S-analytic,S-probe-counterfactual
d1_large_sampled_2026_08_31,970f092,1,bistro.obj,34536fa95e38df405fb71c0f474186b1832eeb346743c4ffc4b284c90557adac,binned_sah,bvh2/slot32_aos,robust,diffuse_1,A,13196936701535461919,closest_improves_incumbent,q_90_100,2972,727,2245,0,23575,13055,47150,13055,16514,8989,33028,8989,S-analytic,S-probe-counterfactual
d1_large_sampled_2026_08_31,970f092,1,bistro.obj,34536fa95e38df405fb71c0f474186b1832eeb346743c4ffc4b284c90557adac,binned_sah,bvh2/slot32_aos,robust,diffuse_1,A,13196936701535461919,closest_improves_incumbent,raw_gt_1,23909,5768,18141,0,504088,188090,1008176,188090,289671,108715,579342,108715,S-analytic,S-probe-counterfactual
d1_large_sampled_2026_08_31,970f092,1,bistro.obj,34536fa95e38df405fb71c0f474186b1832eeb346743c4ffc4b284c90557adac,binned_sah,bvh2/slot32_aos,robust,diffuse_1,A,13196936701535461919,closest_improves_incumbent,invalid,0,0,0,0,0,0,0,0,0,0,0,0,S-analytic,S-probe-counterfactual
d1_large_sampled_2026_08_31,970f092,1,bistro.obj,34536fa95e38df405fb71c0f474186b1832eeb346743c4ffc4b284c90557adac,binned_sah,bvh2/slot32_aos,robust,diffuse_1,B,12171975249193965208,closest_improves_incumbent,q_00_10,23654,154,23500,0,35172,57129,70344,57129,34724,56624,69448,56624,S-analytic,S-probe-counterfactual
d1_large_sampled_2026_08_31,970f092,1,bistro.obj,34536fa95e38df405fb71c0f474186b1832eeb346743c4ffc4b284c90557adac,binned_sah,bvh2/slot32_aos,robust,diffuse_1,B,12171975249193965208,closest_improves_incumbent,q_10_20,3422,136,3286,0,20690,20969,41380,20969,19949,20360,39898,20360,S-analytic,S-probe-counterfactual
d1_large_sampled_2026_08_31,970f092,1,bistro.obj,34536fa95e38df405fb71c0f474186b1832eeb346743c4ffc4b284c90557adac,binned_sah,bvh2/slot32_aos,robust,diffuse_1,B,12171975249193965208,closest_improves_incumbent,q_20_30,2873,215,2658,0,22810,20597,45620,20597,21331,19485,42662,19485,S-analytic,S-probe-counterfactual
d1_large_sampled_2026_08_31,970f092,1,bistro.obj,34536fa95e38df405fb71c0f474186b1832eeb346743c4ffc4b284c90557adac,binned_sah,bvh2/slot32_aos,robust,diffuse_1,B,12171975249193965208,closest_improves_incumbent,q_30_40,3310,298,3012,0,21047,18137,42094,18137,19123,16803,38246,16803,S-analytic,S-probe-counterfactual
d1_large_sampled_2026_08_31,970f092,1,bistro.obj,34536fa95e38df405fb71c0f474186b1832eeb346743c4ffc4b284c90557adac,binned_sah,bvh2/slot32_aos,robust,diffuse_1,B,12171975249193965208,closest_improves_incumbent,q_40_50,4401,527,3874,0,15686,13204,31372,13204,13609,11644,27218,11644,S-analytic,S-probe-counterfactual
d1_large_sampled_2026_08_31,970f092,1,bistro.obj,34536fa95e38df405fb71c0f474186b1832eeb346743c4ffc4b284c90557adac,binned_sah,bvh2/slot32_aos,robust,diffuse_1,B,12171975249193965208,closest_improves_incumbent,q_50_60,2622,360,2262,0,16612,10758,33224,10758,13717,9079,27434,9079,S-analytic,S-probe-counterfactual
d1_large_sampled_2026_08_31,970f092,1,bistro.obj,34536fa95e38df405fb71c0f474186b1832eeb346743c4ffc4b284c90557adac,binned_sah,bvh2/slot32_aos,robust,diffuse_1,B,12171975249193965208,closest_improves_incumbent,q_60_70,2539,362,2177,0,17749,10588,35498,10588,14247,8667,28494,8667,S-analytic,S-probe-counterfactual
d1_large_sampled_2026_08_31,970f092,1,bistro.obj,34536fa95e38df405fb71c0f474186b1832eeb346743c4ffc4b284c90557adac,binned_sah,bvh2/slot32_aos,robust,diffuse_1,B,12171975249193965208,closest_improves_incumbent,q_70_80,2769,477,2292,0,21253,12130,42506,12130,16571,9548,33142,9548,S-analytic,S-probe-counterfactual
d1_large_sampled_2026_08_31,970f092,1,bistro.obj,34536fa95e38df405fb71c0f474186b1832eeb346743c4ffc4b284c90557adac,binned_sah,bvh2/slot32_aos,robust,diffuse_1,B,12171975249193965208,closest_improves_incumbent,q_80_90,2737,482,2255,0,22703,12480,45406,12480,17246,9351,34492,9351,S-analytic,S-probe-counterfactual
d1_large_sampled_2026_08_31,970f092,1,bistro.obj,34536fa95e38df405fb71c0f474186b1832eeb346743c4ffc4b284c90557adac,binned_sah,bvh2/slot32_aos,robust,diffuse_1,B,12171975249193965208,closest_improves_incumbent,q_90_100,2842,594,2248,0,21211,11298,42422,11298,15923,8253,31846,8253,S-analytic,S-probe-counterfactual
d1_large_sampled_2026_08_31,970f092,1,bistro.obj,34536fa95e38df405fb71c0f474186b1832eeb346743c4ffc4b284c90557adac,binned_sah,bvh2/slot32_aos,robust,diffuse_1,B,12171975249193965208,closest_improves_incumbent,raw_gt_1,23959,5423,18536,0,482811,172415,965622,172415,284828,102413,569656,102413,S-analytic,S-probe-counterfactual
d1_large_sampled_2026_08_31,970f092,1,bistro.obj,34536fa95e38df405fb71c0f474186b1832eeb346743c4ffc4b284c90557adac,binned_sah,bvh2/slot32_aos,robust,diffuse_1,B,12171975249193965208,closest_improves_incumbent,invalid,0,0,0,0,0,0,0,0,0,0,0,0,S-analytic,S-probe-counterfactual
d1_large_sampled_2026_08_31,970f092,1,bistro.obj,34536fa95e38df405fb71c0f474186b1832eeb346743c4ffc4b284c90557adac,binned_sah,bvh2/slot32_aos,robust,incoherent,A,9407901714270708239,closest_improves_incumbent,q_00_10,165920,1772,164148,0,280934,434700,561868,434700,276496,429577,552992,429577,S-analytic,S-probe-counterfactual
d1_large_sampled_2026_08_31,970f092,1,bistro.obj,34536fa95e38df405fb71c0f474186b1832eeb346743c4ffc4b284c90557adac,binned_sah,bvh2/slot32_aos,robust,incoherent,A,9407901714270708239,closest_improves_incumbent,q_10_20,20275,1877,18398,0,128847,131185,257694,131185,121053,123768,242106,123768,S-analytic,S-probe-counterfactual
d1_large_sampled_2026_08_31,970f092,1,bistro.obj,34536fa95e38df405fb71c0f474186b1832eeb346743c4ffc4b284c90557adac,binned_sah,bvh2/slot32_aos,robust,incoherent,A,9407901714270708239,closest_improves_incumbent,q_20_30,17196,2602,14594,0,119731,111908,239462,111908,105500,99622,211000,99622,S-analytic,S-probe-counterfactual
d1_large_sampled_2026_08_31,970f092,1,bistro.obj,34536fa95e38df405fb71c0f474186b1832eeb346743c4ffc4b284c90557adac,binned_sah,bvh2/slot32_aos,robust,incoherent,A,9407901714270708239,closest_improves_incumbent,q_30_40,20178,4219,15959,0,113887,100687,227774,100687,94172,84325,188344,84325,S-analytic,S-probe-counterfactual
d1_large_sampled_2026_08_31,970f092,1,bistro.obj,34536fa95e38df405fb71c0f474186b1832eeb346743c4ffc4b284c90557adac,binned_sah,bvh2/slot32_aos,robust,incoherent,A,9407901714270708239,closest_improves_incumbent,q_40_50,25712,7228,18484,0,93566,79446,187132,79446,66037,56931,132074,56931,S-analytic,S-probe-counterfactual
d1_large_sampled_2026_08_31,970f092,1,bistro.obj,34536fa95e38df405fb71c0f474186b1832eeb346743c4ffc4b284c90557adac,binned_sah,bvh2/slot32_aos,robust,incoherent,A,9407901714270708239,closest_improves_incumbent,q_50_60,17652,5851,11801,0,106139,69445,212278,69445,64229,42269,128458,42269,S-analytic,S-probe-counterfactual
d1_large_sampled_2026_08_31,970f092,1,bistro.obj,34536fa95e38df405fb71c0f474186b1832eeb346743c4ffc4b284c90557adac,binned_sah,bvh2/slot32_aos,robust,incoherent,A,9407901714270708239,closest_improves_incumbent,q_60_70,17411,6146,11265,0,124638,77369,249276,77369,72749,45721,145498,45721,S-analytic,S-probe-counterfactual
d1_large_sampled_2026_08_31,970f092,1,bistro.obj,34536fa95e38df405fb71c0f474186b1832eeb346743c4ffc4b284c90557adac,binned_sah,bvh2/slot32_aos,robust,incoherent,A,9407901714270708239,closest_improves_incumbent,q_70_80,17214,6559,10655,0,138555,80145,277110,80145,73692,43372,147384,43372,S-analytic,S-probe-counterfactual
d1_large_sampled_2026_08_31,970f092,1,bistro.obj,34536fa95e38df405fb71c0f474186b1832eeb346743c4ffc4b284c90557adac,binned_sah,bvh2/slot32_aos,robust,incoherent,A,9407901714270708239,closest_improves_incumbent,q_80_90,17193,6596,10597,0,144550,83015,289100,83015,77210,44753,154420,44753,S-analytic,S-probe-counterfactual
d1_large_sampled_2026_08_31,970f092,1,bistro.obj,34536fa95e38df405fb71c0f474186b1832eeb346743c4ffc4b284c90557adac,binned_sah,bvh2/slot32_aos,robust,incoherent,A,9407901714270708239,closest_improves_incumbent,q_90_100,16869,7519,9350,0,138150,77073,276300,77073,66598,36219,133196,36219,S-analytic,S-probe-counterfactual
d1_large_sampled_2026_08_31,970f092,1,bistro.obj,34536fa95e38df405fb71c0f474186b1832eeb346743c4ffc4b284c90557adac,binned_sah,bvh2/slot32_aos,robust,incoherent,A,9407901714270708239,closest_improves_incumbent,raw_gt_1,180984,73557,107427,0,3291967,1215955,6583934,1215955,996034,336700,1992068,336700,S-analytic,S-probe-counterfactual
d1_large_sampled_2026_08_31,970f092,1,bistro.obj,34536fa95e38df405fb71c0f474186b1832eeb346743c4ffc4b284c90557adac,binned_sah,bvh2/slot32_aos,robust,incoherent,A,9407901714270708239,closest_improves_incumbent,invalid,0,0,0,0,0,0,0,0,0,0,0,0,S-analytic,S-probe-counterfactual
d1_large_sampled_2026_08_31,970f092,1,bistro.obj,34536fa95e38df405fb71c0f474186b1832eeb346743c4ffc4b284c90557adac,binned_sah,bvh2/slot32_aos,robust,incoherent,B,5647968469537647682,closest_improves_incumbent,q_00_10,170435,1636,168799,0,289969,448376,579938,448376,285886,443522,571772,443522,S-analytic,S-probe-counterfactual
d1_large_sampled_2026_08_31,970f092,1,bistro.obj,34536fa95e38df405fb71c0f474186b1832eeb346743c4ffc4b284c90557adac,binned_sah,bvh2/slot32_aos,robust,incoherent,B,5647968469537647682,closest_improves_incumbent,q_10_20,20530,1855,18675,0,135109,137260,270218,137260,127442,129872,254884,129872,S-analytic,S-probe-counterfactual
d1_large_sampled_2026_08_31,970f092,1,bistro.obj,34536fa95e38df405fb71c0f474186b1832eeb346743c4ffc4b284c90557adac,binned_sah,bvh2/slot32_aos,robust,incoherent,B,5647968469537647682,closest_improves_incumbent,q_20_30,17011,2623,14388,0,117898,109811,235796,109811,103353,97307,206706,97307,S-analytic,S-probe-counterfactual
d1_large_sampled_2026_08_31,970f092,1,bistro.obj,34536fa95e38df405fb71c0f474186b1832eeb346743c4ffc4b284c90557adac,binned_sah,bvh2/slot32_aos,robust,incoherent,B,5647968469537647682,closest_improves_incumbent,q_30_40,19932,4108,15824,0,115759,102679,231518,102679,95401,85461,190802,85461,S-analytic,S-probe-counterfactual
d1_large_sampled_2026_08_31,970f092,1,bistro.obj,34536fa95e38df405fb71c0f474186b1832eeb346743c4ffc4b284c90557adac,binned_sah,bvh2/slot32_aos,robust,incoherent,B,5647968469537647682,closest_improves_incumbent,q_40_50,25803,7310,18493,0,94512,80813,189024,80813,67443,58133,134886,58133,S-analytic,S-probe-counterfactual
d1_large_sampled_2026_08_31,970f092,1,bistro.obj,34536fa95e38df405fb71c0f474186b1832eeb346743c4ffc4b284c90557adac,binned_sah,bvh2/slot32_aos,robust,incoherent,B,5647968469537647682,closest_improves_incumbent,q_50_60,17379,5614,11765,0,108563,71003,217126,71003,68215,45643,136430,45643,S-analytic,S-probe-counterfactual
d1_large_sampled_2026_08_31,970f092,1,bistro.obj,34536fa95e38df405fb71c0f474186b1832eeb346743c4ffc4b284c90557adac,binned_sah,bvh2/slot32_aos,robust,incoherent,B,5647968469537647682,closest_improves_incumbent,q_60_70,17183,6048,11135,0,127518,79987,255036,79987,74744,48059,149488,48059,S-analytic,S-probe-counterfactual
d1_large_sampled_2026_08_31,970f092,1,bistro.obj,34536fa95e38df405fb71c0f474186b1832eeb346743c4ffc4b284c90557adac,binned_sah,bvh2/slot32_aos,robust,incoherent,B,5647968469537647682,closest_improves_incumbent,q_70_80,17422,6564,10858,0,142540,82105,285080,82105,75144,44042,150288,44042,S-analytic,S-probe-counterfactual
d1_large_sampled_2026_08_31,970f092,1,bistro.obj,34536fa95e38df405fb71c0f474186b1832eeb346743c4ffc4b284c90557adac,binned_sah,bvh2/slot32_aos,robust,incoherent,B,5647968469537647682,closest_improves_incumbent,q_80_90,17682,6853,10829,0,151289,87250,302578,87250,77969,44800,155938,44800,S-analytic,S-probe-counterfactual
d1_large_sampled_2026_08_31,970f092,1,bistro.obj,34536fa95e38df405fb71c0f474186b1832eeb346743c4ffc4b284c90557adac,binned_sah,bvh2/slot32_aos,robust,incoherent,B,5647968469537647682,closest_improves_incumbent,q_90_100,17038,7402,9636,0,141720,79245,283440,79245,68388,37398,136776,37398,S-analytic,S-probe-counterfactual
d1_large_sampled_2026_08_31,970f092,1,bistro.obj,34536fa95e38df405fb71c0f474186b1832eeb346743c4ffc4b284c90557adac,binned_sah,bvh2/slot32_aos,robust,incoherent,B,5647968469537647682,closest_improves_incumbent,raw_gt_1,181077,73257,107820,0,3334693,1241624,6669386,1241624,1008956,344816,2017912,344816,S-analytic,S-probe-counterfactual
d1_large_sampled_2026_08_31,970f092,1,bistro.obj,34536fa95e38df405fb71c0f474186b1832eeb346743c4ffc4b284c90557adac,binned_sah,bvh2/slot32_aos,robust,incoherent,B,5647968469537647682,closest_improves_incumbent,invalid,0,0,0,0,0,0,0,0,0,0,0,0,S-analytic,S-probe-counterfactual
d1_large_sampled_2026_08_31,970f092,1,san-miguel.obj,1e285ee0a46df887eacd0f7882784ac246c157a4ead01dd16b6f0460186711bd,binned_sah,bvh2/slot32_aos,robust,primary,A,3781558343774615031,closest_improves_incumbent,q_00_10,2657,110,2547,0,2825,5192,5650,5192,2671,4968,5342,4968,S-analytic,S-probe-counterfactual
d1_large_sampled_2026_08_31,970f092,1,san-miguel.obj,1e285ee0a46df887eacd0f7882784ac246c157a4ead01dd16b6f0460186711bd,binned_sah,bvh2/slot32_aos,robust,primary,A,3781558343774615031,closest_improves_incumbent,q_10_20,1643,235,1408,0,255,1783,510,1783,230,1526,460,1526,S-analytic,S-probe-counterfactual
d1_large_sampled_2026_08_31,970f092,1,san-miguel.obj,1e285ee0a46df887eacd0f7882784ac246c157a4ead01dd16b6f0460186711bd,binned_sah,bvh2/slot32_aos,robust,primary,A,3781558343774615031,closest_improves_incumbent,q_20_30,1542,275,1267,0,1830,2166,3660,2166,1536,1800,3072,1800,S-analytic,S-probe-counterfactual
d1_large_sampled_2026_08_31,970f092,1,san-miguel.obj,1e285ee0a46df887eacd0f7882784ac246c157a4ead01dd16b6f0460186711bd,binned_sah,bvh2/slot32_aos,robust,primary,A,3781558343774615031,closest_improves_incumbent,q_30_40,1092,303,789,0,1255,1536,2510,1536,875,1067,1750,1067,S-analytic,S-probe-counterfactual
d1_large_sampled_2026_08_31,970f092,1,san-miguel.obj,1e285ee0a46df887eacd0f7882784ac246c157a4ead01dd16b6f0460186711bd,binned_sah,bvh2/slot32_aos,robust,primary,A,3781558343774615031,closest_improves_incumbent,q_40_50,5016,2335,2681,0,2333,5480,4666,5480,1305,2777,2610,2777,S-analytic,S-probe-counterfactual
d1_large_sampled_2026_08_31,970f092,1,san-miguel.obj,1e285ee0a46df887eacd0f7882784ac246c157a4ead01dd16b6f0460186711bd,binned_sah,bvh2/slot32_aos,robust,primary,A,3781558343774615031,closest_improves_incumbent,q_50_60,1833,806,1027,0,4668,3602,9336,3602,2540,1908,5080,1908,S-analytic,S-probe-counterfactual
d1_large_sampled_2026_08_31,970f092,1,san-miguel.obj,1e285ee0a46df887eacd0f7882784ac246c157a4ead01dd16b6f0460186711bd,binned_sah,bvh2/slot32_aos,robust,primary,A,3781558343774615031,closest_improves_incumbent,q_60_70,1614,723,891,0,6745,2937,13490,2937,3045,1320,6090,1320,S-analytic,S-probe-counterfactual
d1_large_sampled_2026_08_31,970f092,1,san-miguel.obj,1e285ee0a46df887eacd0f7882784ac246c157a4ead01dd16b6f0460186711bd,binned_sah,bvh2/slot32_aos,robust,primary,A,3781558343774615031,closest_improves_incumbent,q_70_80,996,447,549,0,3596,2110,7192,2110,1537,973,3074,973,S-analytic,S-probe-counterfactual
d1_large_sampled_2026_08_31,970f092,1,san-miguel.obj,1e285ee0a46df887eacd0f7882784ac246c157a4ead01dd16b6f0460186711bd,binned_sah,bvh2/slot32_aos,robust,primary,A,3781558343774615031,closest_improves_incumbent,q_80_90,932,495,437,0,4850,1600,9700,1600,1608,447,3216,447,S-analytic,S-probe-counterfactual
d1_large_sampled_2026_08_31,970f092,1,san-miguel.obj,1e285ee0a46df887eacd0f7882784ac246c157a4ead01dd16b6f0460186711bd,binned_sah,bvh2/slot32_aos,robust,primary,A,3781558343774615031,closest_improves_incumbent,q_90_100,4809,3653,1156,0,15228,8862,30456,8862,2691,897,5382,897,S-analytic,S-probe-counterfactual
d1_large_sampled_2026_08_31,970f092,1,san-miguel.obj,1e285ee0a46df887eacd0f7882784ac246c157a4ead01dd16b6f0460186711bd,binned_sah,bvh2/slot32_aos,robust,primary,A,3781558343774615031,closest_improves_incumbent,raw_gt_1,38260,23533,14727,0,374885,96117,749770,96117,69871,9974,139742,9974,S-analytic,S-probe-counterfactual
d1_large_sampled_2026_08_31,970f092,1,san-miguel.obj,1e285ee0a46df887eacd0f7882784ac246c157a4ead01dd16b6f0460186711bd,binned_sah,bvh2/slot32_aos,robust,primary,A,3781558343774615031,closest_improves_incumbent,invalid,0,0,0,0,0,0,0,0,0,0,0,0,S-analytic,S-probe-counterfactual
d1_large_sampled_2026_08_31,970f092,1,san-miguel.obj,1e285ee0a46df887eacd0f7882784ac246c157a4ead01dd16b6f0460186711bd,binned_sah,bvh2/slot32_aos,robust,shadow_ao,A,14461018699944980875,any_occluder_in_range,q_00_10,14371,539,13832,0,13497,24287,26994,24287,12655,23347,25310,23347,S-analytic,S-probe-counterfactual
d1_large_sampled_2026_08_31,970f092,1,san-miguel.obj,1e285ee0a46df887eacd0f7882784ac246c157a4ead01dd16b6f0460186711bd,binned_sah,bvh2/slot32_aos,robust,shadow_ao,A,14461018699944980875,any_occluder_in_range,q_10_20,4271,191,4080,0,6077,2045,12154,2045,5417,1785,10834,1785,S-analytic,S-probe-counterfactual
d1_large_sampled_2026_08_31,970f092,1,san-miguel.obj,1e285ee0a46df887eacd0f7882784ac246c157a4ead01dd16b6f0460186711bd,binned_sah,bvh2/slot32_aos,robust,shadow_ao,A,14461018699944980875,any_occluder_in_range,q_20_30,11603,589,11014,0,16516,3935,33032,3935,14418,3040,28836,3040,S-analytic,S-probe-counterfactual
d1_large_sampled_2026_08_31,970f092,1,san-miguel.obj,1e285ee0a46df887eacd0f7882784ac246c157a4ead01dd16b6f0460186711bd,binned_sah,bvh2/slot32_aos,robust,shadow_ao,A,14461018699944980875,any_occluder_in_range,q_30_40,13881,1435,12446,0,21454,10146,42908,10146,17183,8067,34366,8067,S-analytic,S-probe-counterfactual
d1_large_sampled_2026_08_31,970f092,1,san-miguel.obj,1e285ee0a46df887eacd0f7882784ac246c157a4ead01dd16b6f0460186711bd,binned_sah,bvh2/slot32_aos,robust,shadow_ao,A,14461018699944980875,any_occluder_in_range,q_40_50,65089,9006,56083,0,34513,60212,69026,60212,26325,49857,52650,49857,S-analytic,S-probe-counterfactual
d1_large_sampled_2026_08_31,970f092,1,san-miguel.obj,1e285ee0a46df887eacd0f7882784ac246c157a4ead01dd16b6f0460186711bd,binned_sah,bvh2/slot32_aos,robust,shadow_ao,A,14461018699944980875,any_occluder_in_range,q_50_60,20710,5379,15331,0,63631,20431,127262,20431,42372,6491,84744,6491,S-analytic,S-probe-counterfactual
d1_large_sampled_2026_08_31,970f092,1,san-miguel.obj,1e285ee0a46df887eacd0f7882784ac246c157a4ead01dd16b6f0460186711bd,binned_sah,bvh2/slot32_aos,robust,shadow_ao,A,14461018699944980875,any_occluder_in_range,q_60_70,26856,3865,22991,0,86558,17592,173116,17592,64118,6836,128236,6836,S-analytic,S-probe-counterfactual
d1_large_sampled_2026_08_31,970f092,1,san-miguel.obj,1e285ee0a46df887eacd0f7882784ac246c157a4ead01dd16b6f0460186711bd,binned_sah,bvh2/slot32_aos,robust,shadow_ao,A,14461018699944980875,any_occluder_in_range,q_70_80,25675,3055,22620,0,85332,13823,170664,13823,65866,7109,131732,7109,S-analytic,S-probe-counterfactual
d1_large_sampled_2026_08_31,970f092,1,san-miguel.obj,1e285ee0a46df887eacd0f7882784ac246c157a4ead01dd16b6f0460186711bd,binned_sah,bvh2/slot32_aos,robust,shadow_ao,A,14461018699944980875,any_occluder_in_range,q_80_90,31452,3858,27594,0,100617,18315,201234,18315,76714,9704,153428,9704,S-analytic,S-probe-counterfactual
d1_large_sampled_2026_08_31,970f092,1,san-miguel.obj,1e285ee0a46df887eacd0f7882784ac246c157a4ead01dd16b6f0460186711bd,binned_sah,bvh2/slot32_aos,robust,shadow_ao,A,14461018699944980875,any_occluder_in_range,q_90_100,65974,10781,55193,0,157064,66341,314128,66341,118848,46540,237696,46540,S-analytic,S-probe-counterfactual
d1_large_sampled_2026_08_31,970f092,1,san-miguel.obj,1e285ee0a46df887eacd0f7882784ac246c157a4ead01dd16b6f0460186711bd,binned_sah,bvh2/slot32_aos,robust,shadow_ao,A,14461018699944980875,any_occluder_in_range,raw_gt_1,1352907,77929,1274978,0,8850851,641099,17701702,641099,7876073,415005,15752146,415005,S-analytic,S-probe-counterfactual
d1_large_sampled_2026_08_31,970f092,1,san-miguel.obj,1e285ee0a46df887eacd0f7882784ac246c157a4ead01dd16b6f0460186711bd,binned_sah,bvh2/slot32_aos,robust,shadow_ao,A,14461018699944980875,any_occluder_in_range,invalid,0,0,0,0,0,0,0,0,0,0,0,0,S-analytic,S-probe-counterfactual
d1_large_sampled_2026_08_31,970f092,1,san-miguel.obj,1e285ee0a46df887eacd0f7882784ac246c157a4ead01dd16b6f0460186711bd,binned_sah,bvh2/slot32_aos,robust,shadow_ao,B,17592145241872402267,any_occluder_in_range,q_00_10,14006,582,13424,0,13274,23568,26548,23568,12265,22513,24530,22513,S-analytic,S-probe-counterfactual
d1_large_sampled_2026_08_31,970f092,1,san-miguel.obj,1e285ee0a46df887eacd0f7882784ac246c157a4ead01dd16b6f0460186711bd,binned_sah,bvh2/slot32_aos,robust,shadow_ao,B,17592145241872402267,any_occluder_in_range,q_10_20,4578,261,4317,0,6807,2360,13614,2360,5671,1900,11342,1900,S-analytic,S-probe-counterfactual
d1_large_sampled_2026_08_31,970f092,1,san-miguel.obj,1e285ee0a46df887eacd0f7882784ac246c157a4ead01dd16b6f0460186711bd,binned_sah,bvh2/slot32_aos,robust,shadow_ao,B,17592145241872402267,any_occluder_in_range,q_20_30,11642,577,11065,0,16610,4242,33220,4242,14625,3359,29250,3359,S-analytic,S-probe-counterfactual
d1_large_sampled_2026_08_31,970f092,1,san-miguel.obj,1e285ee0a46df887eacd0f7882784ac246c157a4ead01dd16b6f0460186711bd,binned_sah,bvh2/slot32_aos,robust,shadow_ao,B,17592145241872402267,any_occluder_in_range,q_30_40,14233,1616,12617,0,22869,11114,45738,11114,17467,8555,34934,8555,S-analytic,S-probe-counterfactual
d1_large_sampled_2026_08_31,970f092,1,san-miguel.obj,1e285ee0a46df887eacd0f7882784ac246c157a4ead01dd16b6f0460186711bd,binned_sah,bvh2/slot32_aos,robust,shadow_ao,B,17592145241872402267,any_occluder_in_range,q_40_50,65275,8805,56470,0,35755,60697,71510,60697,27089,50370,54178,50370,S-analytic,S-probe-counterfactual
d1_large_sampled_2026_08_31,970f092,1,san-miguel.obj,1e285ee0a46df887eacd0f7882784ac246c157a4ead01dd16b6f0460186711bd,binned_sah,bvh2/slot32_aos,robust,shadow_ao,B,17592145241872402267,any_occluder_in_range,q_50_60,20480,5229,15251,0,63394,19666,126788,19666,42149,6187,84298,6187,S-analytic,S-probe-counterfactual
d1_large_sampled_2026_08_31,970f092,1,san-miguel.obj,1e285ee0a46df887eacd0f7882784ac246c157a4ead01dd16b6f0460186711bd,binned_sah,bvh2/slot32_aos,robust,shadow_ao,B,17592145241872402267,any_occluder_in_range,q_60_70,26604,3797,22807,0,86523,17335,173046,17335,64187,6873,128374,6873,S-analytic,S-probe-counterfactual
d1_large_sampled_2026_08_31,970f092,1,san-miguel.obj,1e285ee0a46df887eacd0f7882784ac246c157a4ead01dd16b6f0460186711bd,binned_sah,bvh2/slot32_aos,robust,shadow_ao,B,17592145241872402267,any_occluder_in_range,q_70_80,25611,3080,22531,0,85139,13892,170278,13892,65168,7036,130336,7036,S-analytic,S-probe-counterfactual
d1_large_sampled_2026_08_31,970f092,1,san-miguel.obj,1e285ee0a46df887eacd0f7882784ac246c157a4ead01dd16b6f0460186711bd,binned_sah,bvh2/slot32_aos,robust,shadow_ao,B,17592145241872402267,any_occluder_in_range,q_80_90,31009,3652,27357,0,98256,18002,196512,18002,75351,9669,150702,9669,S-analytic,S-probe-counterfactual
d1_large_sampled_2026_08_31,970f092,1,san-miguel.obj,1e285ee0a46df887eacd0f7882784ac246c157a4ead01dd16b6f0460186711bd,binned_sah,bvh2/slot32_aos,robust,shadow_ao,B,17592145241872402267,any_occluder_in_range,q_90_100,66085,10485,55600,0,156279,66175,312558,66175,119975,47158,239950,47158,S-analytic,S-probe-counterfactual
d1_large_sampled_2026_08_31,970f092,1,san-miguel.obj,1e285ee0a46df887eacd0f7882784ac246c157a4ead01dd16b6f0460186711bd,binned_sah,bvh2/slot32_aos,robust,shadow_ao,B,17592145241872402267,any_occluder_in_range,raw_gt_1,1351727,76168,1275559,0,8827847,639398,17655694,639398,7863823,415319,15727646,415319,S-analytic,S-probe-counterfactual
d1_large_sampled_2026_08_31,970f092,1,san-miguel.obj,1e285ee0a46df887eacd0f7882784ac246c157a4ead01dd16b6f0460186711bd,binned_sah,bvh2/slot32_aos,robust,shadow_ao,B,17592145241872402267,any_occluder_in_range,invalid,0,0,0,0,0,0,0,0,0,0,0,0,S-analytic,S-probe-counterfactual
d1_large_sampled_2026_08_31,970f092,1,san-miguel.obj,1e285ee0a46df887eacd0f7882784ac246c157a4ead01dd16b6f0460186711bd,binned_sah,bvh2/slot32_aos,robust,diffuse_1,A,1600666986228911999,closest_improves_incumbent,q_00_10,27168,1187,25981,0,29003,49916,58006,49916,27077,47382,54154,47382,S-analytic,S-probe-counterfactual
d1_large_sampled_2026_08_31,970f092,1,san-miguel.obj,1e285ee0a46df887eacd0f7882784ac246c157a4ead01dd16b6f0460186711bd,binned_sah,bvh2/slot32_aos,robust,diffuse_1,A,1600666986228911999,closest_improves_incumbent,q_10_20,9207,714,8493,0,11202,7754,22404,7754,9523,6506,19046,6506,S-analytic,S-probe-counterfactual
d1_large_sampled_2026_08_31,970f092,1,san-miguel.obj,1e285ee0a46df887eacd0f7882784ac246c157a4ead01dd16b6f0460186711bd,binned_sah,bvh2/slot32_aos,robust,diffuse_1,A,1600666986228911999,closest_improves_incumbent,q_20_30,18288,1581,16707,0,27384,11770,54768,11770,23059,8985,46118,8985,S-analytic,S-probe-counterfactual
d1_large_sampled_2026_08_31,970f092,1,san-miguel.obj,1e285ee0a46df887eacd0f7882784ac246c157a4ead01dd16b6f0460186711bd,binned_sah,bvh2/slot32_aos,robust,diffuse_1,A,1600666986228911999,closest_improves_incumbent,q_30_40,25478,3708,21770,0,38076,23027,76152,23027,28643,16943,57286,16943,S-analytic,S-probe-counterfactual
d1_large_sampled_2026_08_31,970f092,1,san-miguel.obj,1e285ee0a46df887eacd0f7882784ac246c157a4ead01dd16b6f0460186711bd,binned_sah,bvh2/slot32_aos,robust,diffuse_1,A,1600666986228911999,closest_improves_incumbent,q_40_50,106386,23796,82590,0,58895,104161,117790,104161,42547,75836,85094,75836,S-analytic,S-probe-counterfactual
d1_large_sampled_2026_08_31,970f092,1,san-miguel.obj,1e285ee0a46df887eacd0f7882784ac246c157a4ead01dd16b6f0460186711bd,binned_sah,bvh2/slot32_aos,robust,diffuse_1,A,1600666986228911999,closest_improves_incumbent,q_50_60,35100,10561,24539,0,116662,44643,233324,44643,72183,19949,144366,19949,S-analytic,S-probe-counterfactual
d1_large_sampled_2026_08_31,970f092,1,san-miguel.obj,1e285ee0a46df887eacd0f7882784ac246c157a4ead01dd16b6f0460186711bd,binned_sah,bvh2/slot32_aos,robust,diffuse_1,A,1600666986228911999,closest_improves_incumbent,q_60_70,39026,8281,30745,0,145329,39808,290658,39808,93893,17089,187786,17089,S-analytic,S-probe-counterfactual
d1_large_sampled_2026_08_31,970f092,1,san-miguel.obj,1e285ee0a46df887eacd0f7882784ac246c157a4ead01dd16b6f0460186711bd,binned_sah,bvh2/slot32_aos,robust,diffuse_1,A,1600666986228911999,closest_improves_incumbent,q_70_80,36251,7388,28863,0,139447,33488,278894,33488,89340,12923,178680,12923,S-analytic,S-probe-counterfactual
d1_large_sampled_2026_08_31,970f092,1,san-miguel.obj,1e285ee0a46df887eacd0f7882784ac246c157a4ead01dd16b6f0460186711bd,binned_sah,bvh2/slot32_aos,robust,diffuse_1,A,1600666986228911999,closest_improves_incumbent,q_80_90,40751,7607,33144,0,151927,38574,303854,38574,97740,16239,195480,16239,S-analytic,S-probe-counterfactual
d1_large_sampled_2026_08_31,970f092,1,san-miguel.obj,1e285ee0a46df887eacd0f7882784ac246c157a4ead01dd16b6f0460186711bd,binned_sah,bvh2/slot32_aos,robust,diffuse_1,A,1600666986228911999,closest_improves_incumbent,q_90_100,101398,39001,62397,0,271612,141808,543224,141808,141103,57871,282206,57871,S-analytic,S-probe-counterfactual
d1_large_sampled_2026_08_31,970f092,1,san-miguel.obj,1e285ee0a46df887eacd0f7882784ac246c157a4ead01dd16b6f0460186711bd,binned_sah,bvh2/slot32_aos,robust,diffuse_1,A,1600666986228911999,closest_improves_incumbent,raw_gt_1,1444877,171894,1272983,0,10548805,1175347,21097610,1175347,7839129,473548,15678258,473548,S-analytic,S-probe-counterfactual
d1_large_sampled_2026_08_31,970f092,1,san-miguel.obj,1e285ee0a46df887eacd0f7882784ac246c157a4ead01dd16b6f0460186711bd,binned_sah,bvh2/slot32_aos,robust,diffuse_1,A,1600666986228911999,closest_improves_incumbent,invalid,0,0,0,0,0,0,0,0,0,0,0,0,S-analytic,S-probe-counterfactual
d1_large_sampled_2026_08_31,970f092,1,san-miguel.obj,1e285ee0a46df887eacd0f7882784ac246c157a4ead01dd16b6f0460186711bd,binned_sah,bvh2/slot32_aos,robust,diffuse_1,B,14345143039870854015,closest_improves_incumbent,q_00_10,28651,1219,27432,0,30922,52787,61844,52787,28706,49997,57412,49997,S-analytic,S-probe-counterfactual
d1_large_sampled_2026_08_31,970f092,1,san-miguel.obj,1e285ee0a46df887eacd0f7882784ac246c157a4ead01dd16b6f0460186711bd,binned_sah,bvh2/slot32_aos,robust,diffuse_1,B,14345143039870854015,closest_improves_incumbent,q_10_20,9581,712,8869,0,12091,7981,24182,7981,10201,6747,20402,6747,S-analytic,S-probe-counterfactual
d1_large_sampled_2026_08_31,970f092,1,san-miguel.obj,1e285ee0a46df887eacd0f7882784ac246c157a4ead01dd16b6f0460186711bd,binned_sah,bvh2/slot32_aos,robust,diffuse_1,B,14345143039870854015,closest_improves_incumbent,q_20_30,18197,1597,16600,0,27805,11730,55610,11730,23282,8996,46564,8996,S-analytic,S-probe-counterfactual
d1_large_sampled_2026_08_31,970f092,1,san-miguel.obj,1e285ee0a46df887eacd0f7882784ac246c157a4ead01dd16b6f0460186711bd,binned_sah,bvh2/slot32_aos,robust,diffuse_1,B,14345143039870854015,closest_improves_incumbent,q_30_40,26161,3987,22174,0,39538,24078,79076,24078,29098,17560,58196,17560,S-analytic,S-probe-counterfactual
d1_large_sampled_2026_08_31,970f092,1,san-miguel.obj,1e285ee0a46df887eacd0f7882784ac246c157a4ead01dd16b6f0460186711bd,binned_sah,bvh2/slot32_aos,robust,diffuse_1,B,14345143039870854015,closest_improves_incumbent,q_40_50,106110,23610,82500,0,62020,104038,124040,104038,44426,75681,88852,75681,S-analytic,S-probe-counterfactual
d1_large_sampled_2026_08_31,970f092,1,san-miguel.obj,1e285ee0a46df887eacd0f7882784ac246c157a4ead01dd16b6f0460186711bd,binned_sah,bvh2/slot32_aos,robust,diffuse_1,B,14345143039870854015,closest_improves_incumbent,q_50_60,35036,10282,24754,0,117983,44804,235966,44804,73579,20387,147158,20387,S-analytic,S-probe-counterfactual
d1_large_sampled_2026_08_31,970f092,1,san-miguel.obj,1e285ee0a46df887eacd0f7882784ac246c157a4ead01dd16b6f0460186711bd,binned_sah,bvh2/slot32_aos,robust,diffuse_1,B,14345143039870854015,closest_improves_incumbent,q_60_70,38856,8289,30567,0,146939,40331,293878,40331,95134,17781,190268,17781,S-analytic,S-probe-counterfactual
d1_large_sampled_2026_08_31,970f092,1,san-miguel.obj,1e285ee0a46df887eacd0f7882784ac246c157a4ead01dd16b6f0460186711bd,binned_sah,bvh2/slot32_aos,robust,diffuse_1,B,14345143039870854015,closest_improves_incumbent,q_70_80,36335,7376,28959,0,139014,33191,278028,33191,90295,13212,180590,13212,S-analytic,S-probe-counterfactual
d1_large_sampled_2026_08_31,970f092,1,san-miguel.obj,1e285ee0a46df887eacd0f7882784ac246c157a4ead01dd16b6f0460186711bd,binned_sah,bvh2/slot32_aos,robust,diffuse_1,B,14345143039870854015,closest_improves_incumbent,q_80_90,40571,7517,33054,0,151474,38133,302948,38133,97779,16421,195558,16421,S-analytic,S-probe-counterfactual
d1_large_sampled_2026_08_31,970f092,1,san-miguel.obj,1e285ee0a46df887eacd0f7882784ac246c157a4ead01dd16b6f0460186711bd,binned_sah,bvh2/slot32_aos,robust,diffuse_1,B,14345143039870854015,closest_improves_incumbent,q_90_100,101798,38942,62856,0,275412,142840,550824,142840,144510,58363,289020,58363,S-analytic,S-probe-counterfactual
d1_large_sampled_2026_08_31,970f092,1,san-miguel.obj,1e285ee0a46df887eacd0f7882784ac246c157a4ead01dd16b6f0460186711bd,binned_sah,bvh2/slot32_aos,robust,diffuse_1,B,14345143039870854015,closest_improves_incumbent,raw_gt_1,1445212,170684,1274528,0,10578015,1184492,21156030,1184492,7843001,472964,15686002,472964,S-analytic,S-probe-counterfactual
d1_large_sampled_2026_08_31,970f092,1,san-miguel.obj,1e285ee0a46df887eacd0f7882784ac246c157a4ead01dd16b6f0460186711bd,binned_sah,bvh2/slot32_aos,robust,diffuse_1,B,14345143039870854015,closest_improves_incumbent,invalid,0,0,0,0,0,0,0,0,0,0,0,0,S-analytic,S-probe-counterfactual
d1_large_sampled_2026_08_31,970f092,1,san-miguel.obj,1e285ee0a46df887eacd0f7882784ac246c157a4ead01dd16b6f0460186711bd,binned_sah,bvh2/slot32_aos,robust,incoherent,A,17736773438954655807,closest_improves_incumbent,q_00_10,13713,488,13225,0,14017,22894,28034,22894,13176,21873,26352,21873,S-analytic,S-probe-counterfactual
d1_large_sampled_2026_08_31,970f092,1,san-miguel.obj,1e285ee0a46df887eacd0f7882784ac246c157a4ead01dd16b6f0460186711bd,binned_sah,bvh2/slot32_aos,robust,incoherent,A,17736773438954655807,closest_improves_incumbent,q_10_20,9297,1006,8291,0,11787,11376,23574,11376,9800,9809,19600,9809,S-analytic,S-probe-counterfactual
d1_large_sampled_2026_08_31,970f092,1,san-miguel.obj,1e285ee0a46df887eacd0f7882784ac246c157a4ead01dd16b6f0460186711bd,binned_sah,bvh2/slot32_aos,robust,incoherent,A,17736773438954655807,closest_improves_incumbent,q_20_30,9909,1647,8262,0,19709,12358,39418,12358,14824,9250,29648,9250,S-analytic,S-probe-counterfactual
d1_large_sampled_2026_08_31,970f092,1,san-miguel.obj,1e285ee0a46df887eacd0f7882784ac246c157a4ead01dd16b6f0460186711bd,binned_sah,bvh2/slot32_aos,robust,incoherent,A,17736773438954655807,closest_improves_incumbent,q_30_40,13072,2805,10267,0,28388,15323,56776,15323,19179,9858,38358,9858,S-analytic,S-probe-counterfactual
d1_large_sampled_2026_08_31,970f092,1,san-miguel.obj,1e285ee0a46df887eacd0f7882784ac246c157a4ead01dd16b6f0460186711bd,binned_sah,bvh2/slot32_aos,robust,incoherent,A,17736773438954655807,closest_improves_incumbent,q_40_50,34969,14060,20909,0,44520,40072,89040,40072,26986,20781,53972,20781,S-analytic,S-probe-counterfactual
d1_large_sampled_2026_08_31,970f092,1,san-miguel.obj,1e285ee0a46df887eacd0f7882784ac246c157a4ead01dd16b6f0460186711bd,binned_sah,bvh2/slot32_aos,robust,incoherent,A,17736773438954655807,closest_improves_incumbent,q_50_60,18349,6724,11625,0,72285,29542,144570,29542,36931,12725,73862,12725,S-analytic,S-probe-counterfactual
d1_large_sampled_2026_08_31,970f092,1,san-miguel.obj,1e285ee0a46df887eacd0f7882784ac246c157a4ead01dd16b6f0460186711bd,binned_sah,bvh2/slot32_aos,robust,incoherent,A,17736773438954655807,closest_improves_incumbent,q_60_70,17216,6870,10346,0,84547,28437,169094,28437,38611,9669,77222,9669,S-analytic,S-probe-counterfactual
d1_large_sampled_2026_08_31,970f092,1,san-miguel.obj,1e285ee0a46df887eacd0f7882784ac246c157a4ead01dd16b6f0460186711bd,binned_sah,bvh2/slot32_aos,robust,incoherent,A,17736773438954655807,closest_improves_incumbent,q_70_80,16186,6938,9248,0,84565,25690,169130,25690,35803,7003,71606,7003,S-analytic,S-probe-counterfactual
d1_large_sampled_2026_08_31,970f092,1,san-miguel.obj,1e285ee0a46df887eacd0f7882784ac246c157a4ead01dd16b6f0460186711bd,binned_sah,bvh2/slot32_aos,robust,incoherent,A,17736773438954655807,closest_improves_incumbent,q_80_90,15219,7327,7892,0,82625,25576,165250,25576,33114,5988,66228,5988,S-analytic,S-probe-counterfactual
d1_large_sampled_2026_08_31,970f092,1,san-miguel.obj,1e285ee0a46df887eacd0f7882784ac246c157a4ead01dd16b6f0460186711bd,binned_sah,bvh2/slot32_aos,robust,incoherent,A,17736773438954655807,closest_improves_incumbent,q_90_100,25537,17403,8134,0,98440,46093,196880,46093,32766,6876,65532,6876,S-analytic,S-probe-counterfactual
d1_large_sampled_2026_08_31,970f092,1,san-miguel.obj,1e285ee0a46df887eacd0f7882784ac246c157a4ead01dd16b6f0460186711bd,binned_sah,bvh2/slot32_aos,robust,incoherent,A,17736773438954655807,closest_improves_incumbent,raw_gt_1,231850,118877,112973,0,2702357,484142,5404714,484142,622487,41380,1244974,41380,S-analytic,S-probe-counterfactual
d1_large_sampled_2026_08_31,970f092,1,san-miguel.obj,1e285ee0a46df887eacd0f7882784ac246c157a4ead01dd16b6f0460186711bd,binned_sah,bvh2/slot32_aos,robust,incoherent,A,17736773438954655807,closest_improves_incumbent,invalid,0,0,0,0,0,0,0,0,0,0,0,0,S-analytic,S-probe-counterfactual
d1_large_sampled_2026_08_31,970f092,1,san-miguel.obj,1e285ee0a46df887eacd0f7882784ac246c157a4ead01dd16b6f0460186711bd,binned_sah,bvh2/slot32_aos,robust,incoherent,B,4758568597345739224,closest_improves_incumbent,q_00_10,13469,536,12933,0,14224,23091,28448,23091,13239,21959,26478,21959,S-analytic,S-probe-counterfactual
d1_large_sampled_2026_08_31,970f092,1,san-miguel.obj,1e285ee0a46df887eacd0f7882784ac246c157a4ead01dd16b6f0460186711bd,binned_sah,bvh2/slot32_aos,robust,incoherent,B,4758568597345739224,closest_improves_incumbent,q_10_20,8407,960,7447,0,10026,9873,20052,9873,8154,8232,16308,8232,S-analytic,S-probe-counterfactual
d1_large_sampled_2026_08_31,970f092,1,san-miguel.obj,1e285ee0a46df887eacd0f7882784ac246c157a4ead01dd16b6f0460186711bd,binned_sah,bvh2/slot32_aos,robust,incoherent,B,4758568597345739224,closest_improves_incumbent,q_20_30,9417,1672,7745,0,18511,11397,37022,11397,13283,8161,26566,8161,S-analytic,S-probe-counterfactual
d1_large_sampled_2026_08_31,970f092,1,san-miguel.obj,1e285ee0a46df887eacd0f7882784ac246c157a4ead01dd16b6f0460186711bd,binned_sah,bvh2/slot32_aos,robust,incoherent,B,4758568597345739224,closest_improves_incumbent,q_30_40,12063,2792,9271,0,27352,14216,54704,14216,17142,8421,34284,8421,S-analytic,S-probe-counterfactual
d1_large_sampled_2026_08_31,970f092,1,san-miguel.obj,1e285ee0a46df887eacd0f7882784ac246c157a4ead01dd16b6f0460186711bd,binned_sah,bvh2/slot32_aos,robust,incoherent,B,4758568597345739224,closest_improves_incumbent,q_40_50,33758,13815,19943,0,44219,38591,88438,38591,25878,19394,51756,19394,S-analytic,S-probe-counterfactual
d1_large_sampled_2026_08_31,970f092,1,san-miguel.obj,1e285ee0a46df887eacd0f7882784ac246c157a4ead01dd16b6f0460186711bd,binned_sah,bvh2/slot32_aos,robust,incoherent,B,4758568597345739224,closest_improves_incumbent,q_50_60,17612,6407,11205,0,68627,28135,137254,28135,35510,12281,71020,12281,S-analytic,S-probe-counterfactual
d1_large_sampled_2026_08_31,970f092,1,san-miguel.obj,1e285ee0a46df887eacd0f7882784ac246c157a4ead01dd16b6f0460186711bd,binned_sah,bvh2/slot32_aos,robust,incoherent,B,4758568597345739224,closest_improves_incumbent,q_60_70,16347,6442,9905,0,80426,27230,160852,27230,36980,9518,73960,9518,S-analytic,S-probe-counterfactual
d1_large_sampled_2026_08_31,970f092,1,san-miguel.obj,1e285ee0a46df887eacd0f7882784ac246c157a4ead01dd16b6f0460186711bd,binned_sah,bvh2/slot32_aos,robust,incoherent,B,4758568597345739224,closest_improves_incumbent,q_70_80,15461,6685,8776,0,79507,24227,159014,24227,33768,6507,67536,6507,S-analytic,S-probe-counterfactual
d1_large_sampled_2026_08_31,970f092,1,san-miguel.obj,1e285ee0a46df887eacd0f7882784ac246c157a4ead01dd16b6f0460186711bd,binned_sah,bvh2/slot32_aos,robust,incoherent,B,4758568597345739224,closest_improves_incumbent,q_80_90,14048,6741,7307,0,73766,22383,147532,22383,28873,4817,57746,4817,S-analytic,S-probe-counterfactual
d1_large_sampled_2026_08_31,970f092,1,san-miguel.obj,1e285ee0a46df887eacd0f7882784ac246c157a4ead01dd16b6f0460186711bd,binned_sah,bvh2/slot32_aos,robust,incoherent,B,4758568597345739224,closest_improves_incumbent,q_90_100,24611,16974,7637,0,91649,43448,183298,43448,29909,6173,59818,6173,S-analytic,S-probe-counterfactual
d1_large_sampled_2026_08_31,970f092,1,san-miguel.obj,1e285ee0a46df887eacd0f7882784ac246c157a4ead01dd16b6f0460186711bd,binned_sah,bvh2/slot32_aos,robust,incoherent,B,4758568597345739224,closest_improves_incumbent,raw_gt_1,225138,115366,109772,0,2557392,455191,5114784,455191,599765,38748,1199530,38748,S-analytic,S-probe-counterfactual
d1_large_sampled_2026_08_31,970f092,1,san-miguel.obj,1e285ee0a46df887eacd0f7882784ac246c157a4ead01dd16b6f0460186711bd,binned_sah,bvh2/slot32_aos,robust,incoherent,B,4758568597345739224,closest_improves_incumbent,invalid,0,0,0,0,0,0,0,0,0,0,0,0,S-analytic,S-probe-counterfactual
